WKT,State,statecode,District,districtcode,Sub-District,subdistrictcode,townname,towncode,urbanity,no_of_hh,population,popgrp,fmcg_retailer,latitude,longitude,coordinate
POINT (80.9617035 16.6337723),ANDHRA PRADESH,1,Krishna,1,Bapulapadu,1,Bapulapadu,1,Rural,4359,15223,10K - 20K,1,16.6337723,80.9617035,16.6337723 80.9617035
POINT (80.9656932 16.6054535),ANDHRA PRADESH,1,Krishna,1,Bapulapadu,1,Kanumolu,2,Rural,2223,8002,7K - 10K,1,16.6054535,80.9656932,16.6054535 80.9656932
POINT (80.9169384 16.611797),ANDHRA PRADESH,1,Krishna,1,Bapulapadu,1,Veeravalli,3,Rural,1852,6775,5K - 7K,1,16.611797,80.9169384,16.611797 80.9169384
POINT (80.8882777 16.6721236),ANDHRA PRADESH,1,Krishna,1,Bapulapadu,1,Mallavilli,4,Rural,1374,5082,5K - 7K,,16.6721236,80.8882777,16.6721236 80.8882777
POINT (80.9418198 16.6470982),ANDHRA PRADESH,1,Krishna,1,Bapulapadu,1,Veleru,5,Rural,1228,4655,4K - 5K,1,16.6470982,80.9418198,16.6470982 80.9418198
POINT (80.893817 16.5989518),ANDHRA PRADESH,1,Krishna,1,Bapulapadu,1,Ampapuram,6,Rural,1189,4110,4K - 5K,1,16.5989518,80.893817,16.5989518 80.893817
POINT (80.9829631 16.7339554),ANDHRA PRADESH,1,Krishna,1,Bapulapadu,1,Madicherla,7,Rural,1066,4069,4K - 5K,,16.7339554,80.9829631,16.7339554 80.9829631
POINT (80.9152434 16.6594427),ANDHRA PRADESH,1,Krishna,1,Bapulapadu,1,Remalle,8,Rural,1022,3779,3K - 4K,1,16.6594427,80.9152434,16.6594427 80.9152434
POINT (80.9560204 16.5627114),ANDHRA PRADESH,1,Krishna,1,Bapulapadu,1,Arugolanu,9,Rural,1050,3466,3K - 4K,,16.5627114,80.9560204,16.5627114 80.9560204
POINT (80.6480153 16.5061743),ANDHRA PRADESH,1,Krishna,1,Vijayawada (Rural),2,Vijayawada (M Corp.) (Part),10,Urban,3475,12552,12K - 20K,1,16.5061743,80.6480153,16.5061743 80.6480153
POINT (80.7496283 16.5123337),ANDHRA PRADESH,1,Krishna,1,Vijayawada (Rural),2,Gudavalli,11,Rural,819,6653,5K - 7K,1,16.5123337,80.7496283,16.5123337 80.7496283
POINT (80.6188156 16.6082902),ANDHRA PRADESH,1,Krishna,1,Vijayawada (Rural),2,Tadepalle,12,Rural,1022,3998,3K - 4K,1,16.6082902,80.6188156,16.6082902 80.6188156
POINT (80.5688428 16.5710275),ANDHRA PRADESH,1,Krishna,1,Vijayawada (Rural),2,Rayanapadu,13,Rural,935,3504,3K - 4K,1,16.5710275,80.5688428,16.5710275 80.5688428
POINT (78.2265183 15.3095471),ANDHRA PRADESH,1,Kurnool,2,Banaganapalle,3,Banumukkala (CT),14,Urban,3286,14307,12K - 20K,1,15.3095471,78.2265183,15.3095471 78.2265183
POINT (78.2490385 15.4139906),ANDHRA PRADESH,1,Kurnool,2,Banaganapalle,3,Palukur,15,Rural,2800,11674,10K - 20K,1,15.4139906,78.2490385,15.4139906 78.2490385
POINT (78.2798898 15.3748623),ANDHRA PRADESH,1,Kurnool,2,Banaganapalle,3,Nandavaram,16,Rural,1372,5283,5K - 7K,1,15.3748623,78.2798898,15.3748623 78.2798898
POINT (78.2091222 15.3584337),ANDHRA PRADESH,1,Kurnool,2,Banaganapalle,3,Enakandla,17,Rural,936,3928,3K - 4K,1,15.3584337,78.2091222,15.3584337 78.2091222
POINT (78.2279193 15.3194481),ANDHRA PRADESH,1,Kurnool,2,Banaganapalle,3,Illurukothapalle,18,Rural,842,3720,3K - 4K,,15.3194481,78.2279193,15.3194481 78.2279193
POINT (78.1443285 15.7796205),ANDHRA PRADESH,1,Kurnool,2,Kurnool,4,Gargeyapuram,19,Rural,1643,7561,7K - 10K,1,15.7796205,78.1443285,15.7796205 78.1443285
POINT (78.6046022 15.2413503),ANDHRA PRADESH,1,Kurnool,2,Kurnool,4,Rudravaram (Part),20,Rural,1535,7150,7K - 10K,1,15.2413503,78.6046022,15.2413503 78.6046022
POINT (78.1706939 15.835201),ANDHRA PRADESH,1,Kurnool,2,Kurnool,4,E.Thandrapadu,21,Rural,1657,6698,5K - 7K,1,15.835201,78.1706939,15.835201 78.1706939
POINT (78.0209657 15.8629982),ANDHRA PRADESH,1,Kurnool,2,Kurnool,4,Panchalingala,22,Rural,1301,5489,5K - 7K,,15.8629982,78.0209657,15.8629982 78.0209657
POINT (78.0708985 15.844125),ANDHRA PRADESH,1,Kurnool,2,Kurnool,4,Gondiparla,23,Rural,1118,4566,4K - 5K,1,15.844125,78.0708985,15.844125 78.0708985
POINT (77.8653126 15.8787861),ANDHRA PRADESH,1,Kurnool,2,Kurnool,4,R.Kanthalapadu,24,Rural,991,4464,4K - 5K,1,15.8787861,77.8653126,15.8787861 77.8653126
POINT (77.8538797 15.8319744),ANDHRA PRADESH,1,Kurnool,2,Kurnool,4,Remata,25,Rural,970,4188,4K - 5K,,15.8319744,77.8538797,15.8319744 77.8538797
POINT (78.0016997 15.8583143),ANDHRA PRADESH,1,Kurnool,2,Kurnool,4,Munagalapadu,26,Rural,654,3275,3K - 4K,1,15.8583143,78.0016997,15.8583143 78.0016997
POINT (77.9736249 15.8655217),ANDHRA PRADESH,1,Kurnool,2,Kurnool,4,Nidzur,27,Rural,794,3126,3K - 4K,1,15.8655217,77.9736249,15.8655217 77.9736249
POINT (78.1140359 15.216425),ANDHRA PRADESH,1,Kurnool,2,Owk,5,Owk,28,Rural,2871,11760,10K - 20K,1,15.216425,78.1140359,15.216425 78.1140359
POINT (78.1406154 15.1367819),ANDHRA PRADESH,1,Kurnool,2,Owk,5,Ramapuram (CT),29,Urban,1620,6614,3K - 12K,1,15.1367819,78.1406154,15.1367819 78.1406154
POINT (79.7399875 15.9128998),ANDHRA PRADESH,1,Rangareddy,3,Ghatkesar,6,GHMC (M Corp.) (Part),30,Urban,3288,13900,12K - 20K,1,15.9128998,79.7399875,15.9128998 79.7399875
POINT (78.6622155 17.4359044),ANDHRA PRADESH,1,Rangareddy,3,Ghatkesar,6,Annojiguda,31,Rural,2296,10896,10K - 20K,1,17.4359044,78.6622155,17.4359044 78.6622155
POINT (78.6662459 17.4043102),ANDHRA PRADESH,1,Rangareddy,3,Ghatkesar,6,Korremul,32,Rural,2343,9922,7K - 10K,1,17.4043102,78.6662459,17.4043102 78.6662459
POINT (78.7085367 17.4189258),ANDHRA PRADESH,1,Rangareddy,3,Ghatkesar,6,Edulabad,33,Rural,1863,8413,7K - 10K,1,17.4189258,78.7085367,17.4189258 78.7085367
POINT (78.6448085 17.4248522),ANDHRA PRADESH,1,Rangareddy,3,Ghatkesar,6,Pocharam,34,Rural,1031,3903,3K - 4K,1,17.4248522,78.6448085,17.4248522 78.6448085
POINT (78.6359562 17.2823888),ANDHRA PRADESH,1,Rangareddy,3,Hayathnagar,7,Koheda,35,Rural,2193,9285,7K - 10K,1,17.2823888,78.6359562,17.2823888 78.6359562
POINT (78.6861391 17.3100943),ANDHRA PRADESH,1,Rangareddy,3,Hayathnagar,7,Abdullapur,36,Rural,1217,5226,5K - 7K,1,17.3100943,78.6861391,17.3100943 78.6861391
POINT (78.7291986 17.3036137),ANDHRA PRADESH,1,Rangareddy,3,Hayathnagar,7,Batasingaram,37,Rural,1123,4898,4K - 5K,1,17.3036137,78.7291986,17.3036137 78.7291986
POINT (78.6937618 17.2739401),ANDHRA PRADESH,1,Rangareddy,3,Hayathnagar,7,Anajpur,38,Rural,1203,4753,4K - 5K,1,17.2739401,78.6937618,17.2739401 78.6937618
POINT (78.6775608 17.3563592),ANDHRA PRADESH,1,Rangareddy,3,Hayathnagar,7,Tharamathipet,39,Rural,848,3984,3K - 4K,1,17.3563592,78.6775608,17.3563592 78.6775608
POINT (78.6469659 17.3484499),ANDHRA PRADESH,1,Rangareddy,3,Hayathnagar,7,Pasmamla,40,Rural,794,3703,3K - 4K,1,17.3484499,78.6469659,17.3484499 78.6469659
POINT (83.1227031 17.7897607),ANDHRA PRADESH,1,Visakhapatnam,4,Sabbavaram,8,Sabbavaram,41,Rural,2699,12200,10K - 20K,1,17.7897607,83.1227031,17.7897607 83.1227031
POINT (83.1414466 17.832138),ANDHRA PRADESH,1,Visakhapatnam,4,Sabbavaram,8,Gullipalle,42,Rural,1613,6589,5K - 7K,1,17.832138,83.1414466,17.832138 83.1414466
POINT (83.1153029 17.7568549),ANDHRA PRADESH,1,Visakhapatnam,4,Sabbavaram,8,Amrutapuram,43,Rural,1189,4722,4K - 5K,1,17.7568549,83.1153029,17.7568549 83.1153029
POINT (83.1227031 17.7897607),ANDHRA PRADESH,1,Visakhapatnam,4,Sabbavaram,8,GVMC (Part),44,Urban,1126,4621,3K - 12K,1,17.7897607,83.1227031,17.7897607 83.1227031
POINT (83.0951852 17.7900138),ANDHRA PRADESH,1,Visakhapatnam,4,Sabbavaram,8,Antakapalle,45,Rural,1061,4444,4K - 5K,1,17.7900138,83.0951852,17.7900138 83.0951852
POINT (83.1300519 17.7706236),ANDHRA PRADESH,1,Visakhapatnam,4,Sabbavaram,8,Mogalipuram,46,Rural,822,3394,3K - 4K,1,17.7706236,83.1300519,17.7706236 83.1300519
POINT (79.617925 18.0126226),ANDHRA PRADESH,1,Warangal,5,Hanamkonda,9,Paidipalle,47,Rural,3099,12105,10K - 20K,1,18.0126226,79.617925,18.0126226 79.617925
POINT (79.5066911 17.9653127),ANDHRA PRADESH,1,Warangal,5,Hanamkonda,9,Kadipikonda (CT),48,Urban,2157,8685,3K - 12K,1,17.9653127,79.5066911,17.9653127 79.5066911
POINT (79.5364582 17.9262921),ANDHRA PRADESH,1,Warangal,5,Hanamkonda,9,Kondaparthy,49,Rural,1633,6439,5K - 7K,1,17.9262921,79.5364582,17.9262921 79.5364582
POINT (79.5926304 17.9692624),ANDHRA PRADESH,1,Warangal,5,Hanamkonda,9,Kumarapalle (R),50,Rural,1031,4211,4K - 5K,1,17.9692624,79.5926304,17.9692624 79.5926304
POINT (79.5926304 17.9692624),ANDHRA PRADESH,1,Warangal,5,Hanamkonda,9,Tharalapalle,51,Rural,799,3053,3K - 4K,1,17.9692624,79.5926304,17.9692624 79.5926304
POINT (85.9893387 25.4713878),BIHAR,2,Begusarai,6,Barauni,10,Malhipur (CT),52,Urban,2322,12439,12K - 20K,1,25.4713878,85.9893387,25.4713878 85.9893387
POINT (86.0494437 25.4418138),BIHAR,2,Begusarai,6,Barauni,10,Papraur,53,Rural,2016,11200,10K - 20K,1,25.4418138,86.0494437,25.4418138 86.0494437
POINT (86.035113 25.476265),BIHAR,2,Begusarai,6,Barauni,10,Pipra Dewas,54,Rural,1786,9643,7K - 10K,1,25.476265,86.035113,25.476265 86.035113
POINT (86.029375 25.462067),BIHAR,2,Begusarai,6,Barauni,10,Hajipur,55,Rural,1178,6171,5K - 7K,1,25.462067,86.029375,25.462067 86.029375
POINT (86.0440375 25.4188476),BIHAR,2,Begusarai,6,Barauni,10,Mahna,56,Rural,890,4303,4K - 5K,1,25.4188476,86.0440375,25.4188476 86.0440375
POINT (86.0564492 25.445148),BIHAR,2,Begusarai,6,Barauni,10,Deonah,57,Rural,691,3687,3K - 4K,1,25.445148,86.0564492,25.445148 86.0564492
POINT (86.1636943 25.4280586),BIHAR,2,Begusarai,6,Begusarai,11,Suja,58,Rural,1790,10532,10K - 20K,1,25.4280586,86.1636943,25.4280586 86.1636943
POINT (86.1268337 25.4609645),BIHAR,2,Begusarai,6,Begusarai,11,Laruara (CT),59,Urban,1590,9376,3K - 12K,1,25.4609645,86.1268337,25.4609645 86.1268337
POINT (86.177719 25.4504647),BIHAR,2,Begusarai,6,Begusarai,11,Bharra,60,Rural,1506,7679,7K - 10K,1,25.4504647,86.177719,25.4504647 86.177719
POINT (86.1370148 25.4612316),BIHAR,2,Begusarai,6,Begusarai,11,Chilmil,61,Rural,1313,6803,5K - 7K,1,25.4612316,86.1370148,25.4612316 86.1370148
POINT (86.1128314 25.4620742),BIHAR,2,Begusarai,6,Begusarai,11,Bagwara,62,Rural,934,4946,4K - 5K,1,25.4620742,86.1128314,25.4620742 86.1128314
POINT (86.1421046 25.4731923),BIHAR,2,Begusarai,6,Begusarai,11,Ekhtiarpur,63,Rural,671,3813,3K - 4K,1,25.4731923,86.1421046,25.4731923 86.1421046
POINT (86.1013721 25.4602932),BIHAR,2,Begusarai,6,Begusarai,11,Bindpur,64,Rural,777,3734,3K - 4K,,25.4602932,86.1013721,25.4602932 86.1013721
POINT (84.9565289 24.7694359),BIHAR,2,Gaya,7,Gaya Town C.D.Block,12,Bara,65,Rural,992,7242,7K - 10K,1,24.7694359,84.9565289,24.7694359 84.9565289
POINT (85.0100792 24.7982807),BIHAR,2,Gaya,7,Gaya Town C.D.Block,12,Kujapi,66,Rural,1142,6680,5K - 7K,1,24.7982807,85.0100792,24.7982807 85.0100792
POINT (84.9565289 24.7694359),BIHAR,2,Gaya,7,Gaya Town C.D.Block,12,Amraha,67,Rural,513,3303,3K - 4K,1,24.7694359,84.9565289,24.7694359 84.9565289
POINT (84.7915999 24.8108395),BIHAR,2,Gaya,7,Guraru,13,Rauna,68,Rural,818,5291,5K - 7K,,24.8108395,84.7915999,24.8108395 84.7915999
POINT (84.7894541 24.8037498),BIHAR,2,Gaya,7,Guraru,13,Bara (CT),69,Urban,777,5185,3K - 12K,1,24.8037498,84.7894541,24.8037498 84.7894541
POINT (84.7915999 24.8108395),BIHAR,2,Gaya,7,Guraru,13,Dabur,70,Rural,676,4386,4K - 5K,1,24.8108395,84.7915999,24.8108395 84.7915999
POINT (84.7981226 24.8184631),BIHAR,2,Gaya,7,Guraru,13,Bahabalpur,71,Rural,577,3746,3K - 4K,1,24.8184631,84.7981226,24.8184631 84.7981226
POINT (86.4652822 26.2833871),BIHAR,2,Madhubani,8,Ghoghardiha,14,Ghoghardiha (NP),72,Urban,3257,18257,12K - 20K,1,26.2833871,86.4652822,26.2833871 86.4652822
POINT (86.437709 26.2765023),BIHAR,2,Madhubani,8,Ghoghardiha,14,Pirojgarh,73,Rural,1513,8394,7K - 10K,1,26.2765023,86.437709,26.2765023 86.437709
POINT (86.4038704 26.2661571),BIHAR,2,Madhubani,8,Ghoghardiha,14,Kewatna,74,Rural,1158,5849,5K - 7K,1,26.2661571,86.4038704,26.2661571 86.4038704
POINT (86.5243122 26.3247045),BIHAR,2,Madhubani,8,Ghoghardiha,14,Bhabtiahi,75,Rural,818,4227,4K - 5K,,26.3247045,86.5243122,26.3247045 86.5243122
POINT (86.4205751 26.2551312),BIHAR,2,Madhubani,8,Ghoghardiha,14,Chikna,76,Rural,932,3923,3K - 4K,1,26.2551312,86.4205751,26.2551312 86.4205751
POINT (86.0203361 26.3785911),BIHAR,2,Madhubani,8,Madhubani,15,Rahika,77,Rural,2453,12896,10K - 20K,1,26.3785911,86.0203361,26.3785911 86.0203361
POINT (86.182864 26.2357607),BIHAR,2,Madhubani,8,Madhubani,15,Madhubani (CT),78,Urban,1333,7070,3K - 12K,1,26.2357607,86.182864,26.2357607 86.182864
POINT (86.0488585 26.3261818),BIHAR,2,Madhubani,8,Madhubani,15,Basuara,79,Rural,1221,6514,5K - 7K,,26.3261818,86.0488585,26.3261818 86.0488585
POINT (86.0249117 26.3497058),BIHAR,2,Madhubani,8,Madhubani,15,Kokri,80,Rural,868,4548,4K - 5K,1,26.3497058,86.0249117,26.3497058 86.0249117
POINT (86.0453123 26.2618494),BIHAR,2,Madhubani,8,Madhubani,15,Mominpur,81,Rural,730,3941,3K - 4K,1,26.2618494,86.0453123,26.2618494 86.0453123
POINT (86.0249117 26.2612883),BIHAR,2,Madhubani,8,Madhubani,15,Sonaur,82,Rural,865,3753,3K - 4K,,26.2612883,86.0249117,26.2612883 86.0249117
POINT (85.3634658 26.156366),BIHAR,2,Muzaffarpur,9,Kanti,16,Paighambarpur Kolhua,83,Rural,3461,18649,10K - 20K,1,26.156366,85.3634658,26.156366 85.3634658
POINT (85.3479475 26.1390738),BIHAR,2,Muzaffarpur,9,Kanti,16,Damodarpur (CT),84,Urban,2618,13884,12K - 20K,1,26.1390738,85.3479475,26.1390738 85.3479475
POINT (85.3833703 26.1596615),BIHAR,2,Muzaffarpur,9,Kanti,16,Dadar Kolhua,85,Rural,1653,8856,7K - 10K,1,26.1596615,85.3833703,26.1596615 85.3833703
POINT (85.3627134 26.1825764),BIHAR,2,Muzaffarpur,9,Kanti,16,Mithan Sarai,86,Rural,1073,5478,5K - 7K,1,26.1825764,85.3627134,26.1825764 85.3627134
POINT (85.3536735 26.1513414),BIHAR,2,Muzaffarpur,9,Kanti,16,Bairia,87,Rural,858,4654,4K - 5K,1,26.1513414,85.3536735,26.1513414 85.3536735
POINT (85.3317133 26.1756837),BIHAR,2,Muzaffarpur,9,Kanti,16,Chhapra Dharampur Jadu,88,Rural,696,3341,3K - 4K,1,26.1756837,85.3317133,26.1756837 85.3317133
POINT (85.2950237 26.2015252),BIHAR,2,Muzaffarpur,9,Kanti,16,Shahpur,89,Rural,580,3132,3K - 4K,,26.2015252,85.2950237,26.2015252 85.2950237
POINT (85.3596564 26.1201651),BIHAR,2,Muzaffarpur,9,Musahri,17,Bhagwanpur,90,Rural,3296,17690,10K - 20K,1,26.1201651,85.3596564,26.1201651 85.3596564
POINT (85.3916812 26.1263849),BIHAR,2,Muzaffarpur,9,Musahri,17,Khabra urf Kiratpur Gurdas,91,Rural,1896,9569,7K - 10K,1,26.1263849,85.3916812,26.1263849 85.3916812
POINT (85.3698805 26.1130383),BIHAR,2,Muzaffarpur,9,Musahri,17,Majhauli Khetal (CT),92,Urban,1256,6820,3K - 12K,1,26.1130383,85.3698805,26.1130383 85.3698805
POINT (85.42853 26.097721),BIHAR,2,Muzaffarpur,9,Musahri,17,Rohua Apuchh,93,Rural,1163,5738,5K - 7K,1,26.097721,85.42853,26.097721 85.42853
POINT (85.3614221 26.110325),BIHAR,2,Muzaffarpur,9,Musahri,17,Gobrahi urf Gobardhanpur,94,Rural,833,4437,4K - 5K,1,26.110325,85.3614221,26.110325 85.3614221
POINT (85.3916812 26.1263849),BIHAR,2,Muzaffarpur,9,Musahri,17,Sherpur urf Narayanpur Anant,95,Rural,712,3505,3K - 4K,1,26.1263849,85.3916812,26.1263849 85.3916812
POINT (85.0415328 25.5997378),BIHAR,2,Patna,10,Dinapur-Cum-Khagaul,18,Jamsaut,96,Rural,2052,11196,10K - 20K,1,25.5997378,85.0415328,25.5997378 85.0415328
POINT (85.0436007 25.5830523),BIHAR,2,Patna,10,Dinapur-Cum-Khagaul,18,Hathiakan,97,Rural,1530,8369,7K - 10K,1,25.5830523,85.0436007,25.5830523 85.0436007
POINT (85.0364112 25.5797514),BIHAR,2,Patna,10,Dinapur-Cum-Khagaul,18,Lakhni  Bigha,98,Rural,830,4985,4K - 5K,1,25.5797514,85.0364112,25.5797514 85.0364112
POINT (85.0547166 25.5941097),BIHAR,2,Patna,10,Dinapur-Cum-Khagaul,18,Kothawan,99,Rural,589,3201,3K - 4K,,25.5941097,85.0547166,25.5941097 85.0547166
POINT (85.0565485 25.5680289),BIHAR,2,Patna,10,Phulwari,19,Nohsa (CT),100,Urban,2597,16680,12K - 20K,1,25.5680289,85.0565485,25.5680289 85.0565485
POINT (85.0693039 25.573158),BIHAR,2,Patna,10,Phulwari,19,Alampur Gonpura,101,Rural,2096,11687,10K - 20K,1,25.573158,85.0693039,25.573158 85.0693039
POINT (85.0272437 25.5328182),BIHAR,2,Patna,10,Phulwari,19,Yakubpur Nagwan,102,Rural,962,5665,5K - 7K,1,25.5328182,85.0272437,25.5328182 85.0272437
POINT (85.0758992 25.5610453),BIHAR,2,Patna,10,Phulwari,19,Kurkuri,103,Rural,826,4312,4K - 5K,,25.5610453,85.0758992,25.5610453 85.0758992
POINT (85.0726964 25.5417321),BIHAR,2,Patna,10,Phulwari,19,Hinduni,104,Rural,606,3283,3K - 4K,1,25.5417321,85.0726964,25.5417321 85.0726964
POINT (87.1497698 25.9100443),BIHAR,2,Purnia,11,Banmankhi,20,Belchand Sukhia,105,Rural,2023,10627,10K - 20K,1,25.9100443,87.1497698,25.9100443 87.1497698
POINT (87.1647269 25.9162447),BIHAR,2,Purnia,11,Banmankhi,20,Dharhara,106,Rural,1402,7781,7K - 10K,1,25.9162447,87.1647269,25.9162447 87.1647269
POINT (87.157249 25.9367778),BIHAR,2,Purnia,11,Banmankhi,20,Harpur Madi,107,Rural,1136,5780,5K - 7K,1,25.9367778,87.157249,25.9367778 87.157249
POINT (87.1971177 25.8666439),BIHAR,2,Purnia,11,Banmankhi,20,Bishunpurdat,108,Rural,751,4208,4K - 5K,1,25.8666439,87.1971177,25.8666439 87.1971177
POINT (87.2145498 25.8581131),BIHAR,2,Purnia,11,Banmankhi,20,Gangaili,109,Rural,657,3478,3K - 4K,1,25.8581131,87.2145498,25.8581131 87.2145498
POINT (86.1090119 23.5897894),JHARKHAND,3,Bokaro,12,Chas,21,Ghatiali,110,Rural,2106,10362,10K - 20K,1,23.5897894,86.1090119,23.5897894 86.1090119
POINT (86.1496696 23.6265703),JHARKHAND,3,Bokaro,12,Chas,21,Bandhgora (CT),111,Urban,1359,7859,3K - 12K,1,23.6265703,86.1496696,23.6265703 86.1496696
POINT (86.1535308 23.6032861),JHARKHAND,3,Bokaro,12,Chas,21,Narayanpur,112,Rural,1421,7167,7K - 10K,1,23.6032861,86.1535308,23.6032861 86.1535308
POINT (86.2717231 23.5462189),JHARKHAND,3,Bokaro,12,Chas,21,Punrru,113,Rural,1000,5510,5K - 7K,1,23.5462189,86.2717231,23.5462189 86.2717231
POINT (86.2082258 23.5654908),JHARKHAND,3,Bokaro,12,Chas,21,Bhanrro,114,Rural,1023,5334,5K - 7K,,23.5654908,86.2082258,23.5654908 86.2082258
POINT (86.1726327 23.5765074),JHARKHAND,3,Bokaro,12,Chas,21,Chakalia,115,Rural,834,4200,4K - 5K,1,23.5765074,86.1726327,23.5765074 86.1726327
POINT (86.1828047 23.6361787),JHARKHAND,3,Bokaro,12,Chas,21,Kashijharia,116,Rural,825,3910,3K - 4K,1,23.6361787,86.1828047,23.6361787 86.1828047
POINT (86.1268337 23.6169718),JHARKHAND,3,Bokaro,12,Chas,21,Satanpur,117,Rural,747,3808,3K - 4K,,23.6169718,86.1268337,23.6169718 86.1268337
POINT (85.2164569 23.8535189),JHARKHAND,3,Hazaribagh,13,Barkagaon,22,Barkagaon,118,Rural,2063,11689,10K - 20K,1,23.8535189,85.2164569,23.8535189 85.2164569
POINT (85.2871198 23.8379636),JHARKHAND,3,Hazaribagh,13,Barkagaon,22,Badam,119,Rural,1284,7015,7K - 10K,1,23.8379636,85.2871198,23.8379636 85.2871198
POINT (85.2741288 23.8286311),JHARKHAND,3,Hazaribagh,13,Barkagaon,22,Harli,120,Rural,1142,5723,5K - 7K,1,23.8286311,85.2741288,23.8286311 85.2741288
POINT (85.2386074 23.8357357),JHARKHAND,3,Hazaribagh,13,Barkagaon,22,Sanrh,121,Rural,650,3197,3K - 4K,1,23.8357357,85.2386074,23.8357357 85.2386074
POINT (85.3601307 23.6880612),JHARKHAND,3,Hazaribagh,13,Dadi,23,Gidi (CT),122,Urban,2647,13356,12K - 20K,1,23.6880612,85.3601307,23.6880612 85.3601307
POINT (85.3807886 23.712424),JHARKHAND,3,Hazaribagh,13,Dadi,23,Dari (CT),123,Urban,1219,6405,3K - 12K,1,23.712424,85.3807886,23.712424 85.3807886
POINT (85.4349783 23.7644889),JHARKHAND,3,Hazaribagh,13,Dadi,23,Balsogra,124,Rural,848,4647,4K - 5K,1,23.7644889,85.4349783,23.7644889 85.4349783
POINT (85.4397545 23.7586668),JHARKHAND,3,Hazaribagh,13,Dadi,23,Huang,125,Rural,769,4421,4K - 5K,1,23.7586668,85.4397545,23.7586668 85.4397545
POINT (85.3988579 23.7396755),JHARKHAND,3,Hazaribagh,13,Dadi,23,Kanki,126,Rural,680,3669,3K - 4K,1,23.7396755,85.3988579,23.7396755 85.3988579
POINT (85.3258365 23.4311932),JHARKHAND,3,Ranchi,14,Kanke,24,Kanke (CT),127,Urban,2995,17560,12K - 20K,1,23.4311932,85.3258365,23.4311932 85.3258365
POINT (85.2903524 23.4454855),JHARKHAND,3,Ranchi,14,Kanke,24,Sukurhuttu,128,Rural,2118,11862,10K - 20K,1,23.4454855,85.2903524,23.4454855 85.2903524
POINT (85.4120942 23.4270906),JHARKHAND,3,Ranchi,14,Kanke,24,Mesra,129,Rural,1657,9476,7K - 10K,1,23.4270906,85.4120942,23.4270906 85.4120942
POINT (85.3988632 23.3925524),JHARKHAND,3,Ranchi,14,Kanke,24,Dumardaga,130,Rural,1335,7100,7K - 10K,1,23.3925524,85.3988632,23.3925524 85.3988632
POINT (85.4277367 23.441253),JHARKHAND,3,Ranchi,14,Kanke,24,Neuri,131,Rural,1230,6907,5K - 7K,1,23.441253,85.4277367,23.441253 85.4277367
POINT (85.2528421 23.3983266),JHARKHAND,3,Ranchi,14,Kanke,24,Kamre,132,Rural,1148,6114,5K - 7K,,23.3983266,85.2528421,23.3983266 85.2528421
POINT (85.2879264 23.4011897),JHARKHAND,3,Ranchi,14,Kanke,24,Chatakpur,133,Rural,814,4153,4K - 5K,1,23.4011897,85.2879264,23.4011897 85.2879264
POINT (85.3575479 23.4296737),JHARKHAND,3,Ranchi,14,Kanke,24,Boreya,134,Rural,823,4151,4K - 5K,,23.4296737,85.3575479,23.4296737 85.3575479
POINT (85.3006956 23.4042222),JHARKHAND,3,Ranchi,14,Kanke,24,Pandra,135,Rural,731,3921,3K - 4K,1,23.4042222,85.3006956,23.4042222 85.3006956
POINT (85.3988579 23.4249524),JHARKHAND,3,Ranchi,14,Kanke,24,Kadal,136,Rural,586,3086,3K - 4K,,23.4249524,85.3988579,23.4249524 85.3988579
POINT (85.4289016 23.3761392),JHARKHAND,3,Ranchi,14,Namkum,25,Tati (CT),137,Urban,2544,12878,12K - 20K,1,23.3761392,85.4289016,23.3761392 85.4289016
POINT (85.3807886 23.3204689),JHARKHAND,3,Ranchi,14,Namkum,25,Bargarwa (CT),138,Urban,1678,8615,3K - 12K,1,23.3204689,85.3807886,23.3204689 85.3807886
POINT (85.4478726 23.3046019),JHARKHAND,3,Ranchi,14,Namkum,25,Ulatu,139,Rural,1488,7812,7K - 10K,1,23.3046019,85.4478726,23.3046019 85.4478726
POINT (85.3640047 23.3214602),JHARKHAND,3,Ranchi,14,Namkum,25,Khijri,140,Rural,1160,5936,5K - 7K,1,23.3214602,85.3640047,23.3214602 85.3640047
POINT (85.4195011 23.3364531),JHARKHAND,3,Ranchi,14,Namkum,25,Baram,141,Rural,795,4215,4K - 5K,1,23.3364531,85.4195011,23.3364531 85.4195011
POINT (85.4839604 23.2997003),JHARKHAND,3,Ranchi,14,Namkum,25,Lali,142,Rural,663,3316,3K - 4K,1,23.2997003,85.4839604,23.2997003 85.4839604
POINT (85.3529762 23.3554656),JHARKHAND,3,Ranchi,14,Namkum,25,Sidraul,143,Rural,658,3316,3K - 4K,,23.3554656,85.3529762,23.3554656 85.3529762
POINT (87.7761336 24.8552655),JHARKHAND,3,Sahibganj,15,Barharwa,26,Barharwa (CT),144,Urban,2652,12617,12K - 20K,1,24.8552655,87.7761336,24.8552655 87.7761336
POINT (87.8770689 24.8447133),JHARKHAND,3,Sahibganj,15,Barharwa,26,Mirjapur,145,Rural,1658,9078,7K - 10K,1,24.8447133,87.8770689,24.8447133 87.8770689
POINT (87.793548 24.7782561),JHARKHAND,3,Sahibganj,15,Barharwa,26,Palasbana,146,Rural,1383,6955,5K - 7K,1,24.7782561,87.793548,24.7782561 87.793548
POINT (87.7677235 24.862405),JHARKHAND,3,Sahibganj,15,Barharwa,26,Jhiktia,147,Rural,868,4059,4K - 5K,1,24.862405,87.7677235,24.862405 87.7677235
POINT (87.803382 24.7961976),JHARKHAND,3,Sahibganj,15,Barharwa,26,Srikunth,148,Rural,793,3709,3K - 4K,1,24.7961976,87.803382,24.7961976 87.803382
POINT (87.7701836 24.8535446),JHARKHAND,3,Sahibganj,15,Barharwa,26,Ratanpur,149,Rural,724,3414,3K - 4K,,24.8535446,87.7701836,24.8535446 87.7701836
POINT (87.8377842 24.9924137),JHARKHAND,3,Sahibganj,15,Rajmahal,27,Jamnagar,150,Rural,2596,14429,10K - 20K,1,24.9924137,87.8377842,24.9924137 87.8377842
POINT (87.8279577 25.0041293),JHARKHAND,3,Sahibganj,15,Rajmahal,27,Lakhipur Sajanpur,151,Rural,1408,8243,7K - 10K,1,25.0041293,87.8279577,25.0041293 87.8279577
POINT (87.836556 25.0057362),JHARKHAND,3,Sahibganj,15,Rajmahal,27,Samaspur,152,Rural,1215,7358,7K - 10K,1,25.0057362,87.836556,25.0057362 87.836556
POINT (87.7751034 25.2033871),JHARKHAND,3,Sahibganj,15,Rajmahal,27,Dahu Tola,153,Rural,994,6237,5K - 7K,1,25.2033871,87.7751034,25.2033871 87.7751034
POINT (87.7597425 24.9853923),JHARKHAND,3,Sahibganj,15,Rajmahal,27,Tin Pahar (CT),154,Urban,945,5336,3K - 12K,1,24.9853923,87.7597425,24.9853923 87.7597425
POINT (87.7787929 25.0567617),JHARKHAND,3,Sahibganj,15,Rajmahal,27,Mahasingpur,155,Rural,873,4553,4K - 5K,1,25.0567617,87.7787929,25.0567617 87.7787929
POINT (87.7738735 25.0744713),JHARKHAND,3,Sahibganj,15,Rajmahal,27,Kasba,156,Rural,912,4425,4K - 5K,,25.0744713,87.7738735,25.0744713 87.7738735
POINT (87.8310287 25.0375224),JHARKHAND,3,Sahibganj,15,Rajmahal,27,Godi Maharajpur,157,Rural,572,3088,3K - 4K,1,25.0375224,87.8310287,25.0375224 87.8310287
POINT (77.5093952 13.0753965),KARNATAKA,4,Bangalore,16,Bangalore North,28,Chikkabanavara (CT),158,Urban,3562,14409,12K - 20K,1,13.0753965,77.5093952,13.0753965 77.5093952
POINT (77.6672134 13.1325768),KARNATAKA,4,Bangalore,16,Bangalore North,28,Bagalur,159,Rural,2140,10320,10K - 20K,1,13.1325768,77.6672134,13.1325768 77.6672134
POINT (77.4697055 13.0524556),KARNATAKA,4,Bangalore,16,Bangalore North,28,Madavara,160,Rural,2307,8742,7K - 10K,1,13.0524556,77.4697055,13.0524556 77.4697055
POINT (77.4544211 13.0522271),KARNATAKA,4,Bangalore,16,Bangalore North,28,Siddanahosahalli,161,Rural,1694,6165,5K - 7K,,13.0522271,77.4544211,13.0522271 77.4544211
POINT (77.4527702 13.0717935),KARNATAKA,4,Bangalore,16,Bangalore North,28,Heggadadevanapura,162,Rural,1254,4820,4K - 5K,1,13.0717935,77.4527702,13.0717935 77.4527702
POINT (77.5375794 13.0958692),KARNATAKA,4,Bangalore,16,Bangalore North,28,Vaderahalli,163,Rural,762,3083,3K - 4K,1,13.0958692,77.5375794,13.0958692 77.5375794
POINT (77.5095784 12.8019332),KARNATAKA,4,Bangalore,16,Bangalore South,29,Kaggalipura,164,Rural,3012,12452,10K - 20K,1,12.8019332,77.5095784,12.8019332 77.5095784
POINT (77.5963271 12.9333767),KARNATAKA,4,Bangalore,16,Bangalore South,29,Kumbalagodu (CT),165,Urban,2811,10178,3K - 12K,1,12.9333767,77.5963271,12.9333767 77.5963271
POINT (77.5963271 12.9333767),KARNATAKA,4,Bangalore,16,Bangalore South,29,Kambipura,166,Rural,1507,7018,7K - 10K,1,12.9333767,77.5963271,12.9333767 77.5963271
POINT (77.6092188 12.9241089),KARNATAKA,4,Bangalore,16,Bangalore South,29,Tavarekere ,167,Rural,1663,6989,5K - 7K,1,12.9241089,77.6092188,12.9241089 77.6092188
POINT (77.5963271 12.9333767),KARNATAKA,4,Bangalore,16,Bangalore South,29,Somanahalli,168,Rural,1158,4655,4K - 5K,,12.9333767,77.5963271,12.9333767 77.5963271
POINT (77.5963271 12.9333767),KARNATAKA,4,Bangalore,16,Bangalore South,29,Ramohalli,169,Rural,982,3975,3K - 4K,1,12.9333767,77.5963271,12.9333767 77.5963271
POINT (74.5068071 15.8523285),KARNATAKA,4,Belgaum,17,Belgaum,30,Belgaum Cantonment (CB),170,Urban,3814,19411,12K - 20K,1,15.8523285,74.5068071,15.8523285 74.5068071
POINT (74.5984934 16.2943892),KARNATAKA,4,Belgaum,17,Belgaum,30,Bagewadi,171,Rural,2666,12684,10K - 20K,,16.2943892,74.5984934,16.2943892 74.5984934
POINT (74.515567 15.9072614),KARNATAKA,4,Belgaum,17,Belgaum,30,Kangrali (BK) (CT),172,Urban,2336,10496,3K - 12K,1,15.9072614,74.515567,15.9072614 74.515567
POINT (74.6019776 15.4672224),KARNATAKA,4,Belgaum,17,Belgaum,30,Bastawad,173,Rural,1368,7181,7K - 10K,,15.4672224,74.6019776,15.4672224 74.6019776
POINT (74.4320448 15.8883054),KARNATAKA,4,Belgaum,17,Belgaum,30,Uchagaon,174,Rural,1470,6882,5K - 7K,1,15.8883054,74.4320448,15.8883054 74.4320448
POINT (74.4657515 15.8922023),KARNATAKA,4,Belgaum,17,Belgaum,30,Ambewadi,175,Rural,979,4387,4K - 5K,1,15.8922023,74.4657515,15.8922023 74.4657515
POINT (74.4569591 15.8887047),KARNATAKA,4,Belgaum,17,Belgaum,30,Mannur,176,Rural,795,3652,3K - 4K,1,15.8887047,74.4569591,15.8887047 74.4569591
POINT (74.7604767 15.7963878),KARNATAKA,4,Belgaum,17,Sampgaon,31,Kittur,177,Rural,3389,16144,10K - 20K,1,15.7963878,74.7604767,15.7963878 74.7604767
POINT (74.9164928 15.7161377),KARNATAKA,4,Belgaum,17,Sampgaon,31,Belawadi,178,Rural,1739,8647,7K - 10K,1,15.7161377,74.9164928,15.7161377 74.9164928
POINT (74.7604767 15.7963878),KARNATAKA,4,Belgaum,17,Sampgaon,31,Hunshikatti,179,Rural,1228,5410,5K - 7K,1,15.7963878,74.7604767,15.7963878 74.7604767
POINT (74.736633 15.6363772),KARNATAKA,4,Belgaum,17,Sampgaon,31,Ambadagatti,180,Rural,1153,4939,4K - 5K,1,15.6363772,74.736633,15.6363772 74.736633
POINT (74.7227333 15.6047325),KARNATAKA,4,Belgaum,17,Sampgaon,31,Tigadolli,181,Rural,930,3877,3K - 4K,1,15.6047325,74.7227333,15.6047325 74.7227333
POINT (76.7596221 15.1963592),KARNATAKA,4,Bellary,18,Bellary ,32,Kudathini,182,Rural,3980,18215,10K - 20K,1,15.1963592,76.7596221,15.1963592 76.7596221
POINT (76.8245233 15.319165),KARNATAKA,4,Bellary,18,Bellary ,32,Badanahatti,183,Rural,1587,8594,7K - 10K,1,15.319165,76.8245233,15.319165 76.8245233
POINT (76.7871306 15.2690857),KARNATAKA,4,Bellary,18,Bellary ,32,Siddammanahalli,184,Rural,1250,6133,5K - 7K,1,15.2690857,76.7871306,15.2690857 76.7871306
POINT (76.7300448 15.2540422),KARNATAKA,4,Bellary,18,Bellary ,32,Yelubemchi,185,Rural,818,4050,4K - 5K,1,15.2540422,76.7300448,15.2540422 76.7300448
POINT (76.854799 15.0960131),KARNATAKA,4,Bellary,18,Bellary ,32,Honnahalli,186,Rural,590,3307,3K - 4K,1,15.0960131,76.854799,15.0960131 76.854799
POINT (76.631163 15.187245),KARNATAKA,4,Bellary,18,Sandur ,33,Vaddu (CT),187,Urban,3215,12453,12K - 20K,1,15.187245,76.631163,15.187245 76.631163
POINT (76.6586928 15.2026796),KARNATAKA,4,Bellary,18,Sandur ,33,Toranagal,188,Rural,2407,10453,10K - 20K,,15.2026796,76.6586928,15.2026796 76.6586928
POINT (76.5632726 15.1044542),KARNATAKA,4,Bellary,18,Sandur ,33,Krishnanagar,189,Rural,1354,7027,7K - 10K,,15.1044542,76.5632726,15.1044542 76.5632726
POINT (76.6268306 15.1254371),KARNATAKA,4,Bellary,18,Sandur ,33,Taranagar,190,Rural,1343,6722,5K - 7K,1,15.1254371,76.6268306,15.1254371 76.6268306
POINT (76.5965 15.0621019),KARNATAKA,4,Bellary,18,Sandur ,33,Donimalai Township (CT),191,Urban,1660,6672,3K - 12K,1,15.0621019,76.5965,15.0621019 76.5965
POINT (76.6008334 15.1725378),KARNATAKA,4,Bellary,18,Sandur ,33,Talur,192,Rural,891,4694,4K - 5K,1,15.1725378,76.6008334,15.1725378 76.6008334
POINT (76.6246644 15.0072901),KARNATAKA,4,Bellary,18,Sandur ,33,Deogiri,193,Rural,701,3606,3K - 4K,1,15.0072901,76.6246644,15.0072901 76.6246644
POINT (75.070965 12.8403447),KARNATAKA,4,Dakshina Kannada,19,Bantval ,34,Vittal (CT),194,Urban,3441,17618,12K - 20K,1,12.8403447,75.070965,12.8403447 75.070965
POINT (75.0285136 12.7927306),KARNATAKA,4,Dakshina Kannada,19,Bantval ,34,Kolnadu,195,Rural,2273,12201,10K - 20K,1,12.7927306,75.0285136,12.7927306 75.0285136
POINT (75.0506874 12.7439315),KARNATAKA,4,Dakshina Kannada,19,Bantval ,34,Kanyana,196,Rural,1465,7650,7K - 10K,1,12.7439315,75.0506874,12.7439315 75.0506874
POINT (75.0786357 12.7725206),KARNATAKA,4,Dakshina Kannada,19,Bantval ,34,Vittalpadanur,197,Rural,1235,6589,5K - 7K,,12.7725206,75.0786357,12.7725206 75.0786357
POINT (75.129363 12.7666888),KARNATAKA,4,Dakshina Kannada,19,Bantval ,34,Vittalmudnoor,198,Rural,842,4498,4K - 5K,1,12.7666888,75.129363,12.7666888 75.129363
POINT (75.1388497 12.8126965),KARNATAKA,4,Dakshina Kannada,19,Bantval ,34,Idkidu,199,Rural,736,3776,3K - 4K,1,12.8126965,75.1388497,12.8126965 75.1388497
POINT (74.9974035 13.1281882),KARNATAKA,4,Dakshina Kannada,19,Mangalore,35,Beluvai,200,Rural,2095,10220,10K - 20K,1,13.1281882,74.9974035,13.1281882 74.9974035
POINT (74.9614311 13.0604345),KARNATAKA,4,Dakshina Kannada,19,Mangalore,35,Puthige,201,Rural,1713,8279,7K - 10K,1,13.0604345,74.9614311,13.0604345 74.9614311
POINT (74.8081534 13.0502021),KARNATAKA,4,Dakshina Kannada,19,Mangalore,35,Thokur-62 (CT),202,Urban,1396,7433,3K - 12K,1,13.0502021,74.8081534,13.0502021 74.8081534
POINT (74.9738167 12.9919122),KARNATAKA,4,Dakshina Kannada,19,Mangalore,35,Tenkayedapadavu,203,Rural,1272,6228,5K - 7K,1,12.9919122,74.9738167,12.9919122 74.9738167
POINT (74.7972185 13.0507946),KARNATAKA,4,Dakshina Kannada,19,Mangalore,35,Haleangady,204,Rural,930,4563,4K - 5K,,13.0507946,74.7972185,13.0507946 74.7972185
POINT (74.8170822 13.0692849),KARNATAKA,4,Dakshina Kannada,19,Mangalore,35,Kilpady,205,Rural,765,3389,3K - 4K,1,13.0692849,74.8170822,13.0692849 74.8170822
POINT (77.484368 23.1416576),MADHYA PRADESH,5,Bhopal,20,Huzur,36,Ratanpur,206,Rural,1450,6208,5K - 7K,1,23.1416576,77.484368,23.1416576 77.484368
POINT (77.5298985 23.3116371),MADHYA PRADESH,5,Bhopal,20,Huzur,36,Kanasaiya,207,Rural,1224,6084,5K - 7K,1,23.3116371,77.5298985,23.3116371 77.5298985
POINT (77.346453 23.1933283),MADHYA PRADESH,5,Bhopal,20,Huzur,36,Neelbad,208,Rural,894,4282,4K - 5K,1,23.1933283,77.346453,23.1933283 77.346453
POINT (77.2994144 23.2252084),MADHYA PRADESH,5,Bhopal,20,Huzur,36,Mugaliyachhap,209,Rural,792,3931,3K - 4K,1,23.2252084,77.2994144,23.2252084 77.2994144
POINT (77.2735599 23.2815929),MADHYA PRADESH,5,Bhopal,20,Huzur,36,Bhauri,210,Rural,575,3031,3K - 4K,1,23.2815929,77.2735599,23.2815929 77.2735599
POINT (74.9316552 22.6131113),MADHYA PRADESH,5,Dhar,21,Sardarpur,37,Ringnod,211,Rural,1958,11211,10K - 20K,1,22.6131113,74.9316552,22.6131113 74.9316552
POINT (75.12243 22.5597933),MADHYA PRADESH,5,Dhar,21,Sardarpur,37,Amjhera,212,Rural,1750,9540,7K - 10K,1,22.5597933,75.12243,22.5597933 75.12243
POINT (75.1319171 22.7198723),MADHYA PRADESH,5,Dhar,21,Sardarpur,37,Dasai,213,Rural,1655,8418,7K - 10K,1,22.7198723,75.1319171,22.7198723 75.1319171
POINT (74.8770282 22.588799),MADHYA PRADESH,5,Dhar,21,Sardarpur,37,Gumanpura,214,Rural,859,5008,5K - 7K,1,22.588799,74.8770282,22.588799 74.8770282
POINT (74.8916458 22.6163466),MADHYA PRADESH,5,Dhar,21,Sardarpur,37,Bimrod,215,Rural,724,4062,4K - 5K,1,22.6163466,74.8916458,22.6163466 74.8916458
POINT (75.0786357 22.6806681),MADHYA PRADESH,5,Dhar,21,Sardarpur,37,Ledgaon,216,Rural,692,3261,3K - 4K,1,22.6806681,75.0786357,22.6806681 75.0786357
POINT (75.0990746 22.8134178),MADHYA PRADESH,5,Dhar,21,Sardarpur,37,Khuntpala,217,Rural,652,3211,3K - 4K,,22.8134178,75.0990746,22.8134178 75.0990746
POINT (75.0903154 22.5654892),MADHYA PRADESH,5,Dhar,21,Sardarpur,37,Chalani,218,Rural,541,3041,3K - 4K,,22.5654892,75.0903154,22.5654892 75.0903154
POINT (75.8963685 22.6880416),MADHYA PRADESH,5,Indore,22,Indore,38,Palda (CT),219,Urban,3910,18697,12K - 20K,1,22.6880416,75.8963685,22.6880416 75.8963685
POINT (75.9116443 22.768761),MADHYA PRADESH,5,Indore,22,Indore,38,Piplya Kumar (CT),220,Urban,2415,10684,3K - 12K,1,22.768761,75.9116443,22.768761 75.9116443
POINT (75.7916513 22.6424923),MADHYA PRADESH,5,Indore,22,Indore,38,Rangwasa,221,Rural,1505,8632,7K - 10K,1,22.6424923,75.7916513,22.6424923 75.7916513
POINT (75.9159023 22.6803008),MADHYA PRADESH,5,Indore,22,Indore,38,Mundla Nayata,222,Rural,1441,8624,7K - 10K,1,22.6803008,75.9159023,22.6803008 75.9159023
POINT (75.8635625 22.6729888),MADHYA PRADESH,5,Indore,22,Indore,38,Bilawali,223,Rural,1214,5678,5K - 7K,1,22.6729888,75.8635625,22.6729888 75.8635625
POINT (75.9441467 22.6780009),MADHYA PRADESH,5,Indore,22,Indore,38,Dudhia,224,Rural,1003,5384,5K - 7K,1,22.6780009,75.9441467,22.6780009 75.9441467
POINT (75.8007529 22.6715814),MADHYA PRADESH,5,Indore,22,Indore,38,Sukhniwas,225,Rural,1143,4786,4K - 5K,1,22.6715814,75.8007529,22.6715814 75.8007529
POINT (76.0428172 22.5978185),MADHYA PRADESH,5,Indore,22,Indore,38,Pipalda,226,Rural,721,4316,4K - 5K,,22.5978185,76.0428172,22.5978185 76.0428172
POINT (75.9027714 22.6254881),MADHYA PRADESH,5,Indore,22,Indore,38,Asrawad Khurd,227,Rural,722,3984,3K - 4K,1,22.6254881,75.9027714,22.6254881 75.9027714
POINT (75.9405178 22.6550858),MADHYA PRADESH,5,Indore,22,Indore,38,Sanawadia,228,Rural,590,3010,3K - 4K,1,22.6550858,75.9405178,22.6550858 75.9405178
POINT (80.0520952 23.0958042),MADHYA PRADESH,5,Jabalpur,23,Jabalpur,39,Barela (NP),229,Urban,2779,12620,12K - 20K,1,23.0958042,80.0520952,23.0958042 80.0520952
POINT (79.9231461 23.1965123),MADHYA PRADESH,5,Jabalpur,23,Jabalpur,39,GCF Jabalpur (CT),230,Urban,2136,9285,3K - 12K,1,23.1965123,79.9231461,23.1965123 79.9231461
POINT (80.005979 23.2210046),MADHYA PRADESH,5,Jabalpur,23,Jabalpur,39,Mohaniya,231,Rural,1089,5124,5K - 7K,1,23.2210046,80.005979,23.2210046 80.005979
POINT (80.0003875 23.1087241),MADHYA PRADESH,5,Jabalpur,23,Jabalpur,39,Saliwada,232,Rural,822,3866,3K - 4K,1,23.1087241,80.0003875,23.1087241 80.0003875
POINT (79.8464804 23.1430203),MADHYA PRADESH,5,Jabalpur,23,Jabalpur,39,Tewar,233,Rural,724,3468,3K - 4K,1,23.1430203,79.8464804,23.1430203 79.8464804
POINT (80.2739458 23.5089405),MADHYA PRADESH,5,Katni ,24,Dhimarkheda,40,Umariyapan,234,Rural,1840,8591,7K - 10K,1,23.5089405,80.2739458,23.5089405 80.2739458
POINT (80.3714326 23.3411709),MADHYA PRADESH,5,Katni ,24,Dhimarkheda,40,Silondi,235,Rural,1173,4518,4K - 5K,1,23.3411709,80.3714326,23.3411709 80.3714326
POINT (80.3157397 23.3966548),MADHYA PRADESH,5,Katni ,24,Dhimarkheda,40,Dasharman ,236,Rural,1029,4155,4K - 5K,1,23.3966548,80.3157397,23.3966548 80.3157397
POINT (80.3359326 23.4472621),MADHYA PRADESH,5,Katni ,24,Dhimarkheda,40,Murwari ,237,Rural,851,3397,3K - 4K,1,23.4472621,80.3359326,23.4472621 80.3359326
POINT (80.3185252 23.4233454),MADHYA PRADESH,5,Katni ,24,Dhimarkheda,40,Antarved,238,Rural,781,3010,3K - 4K,,23.4233454,80.3185252,23.4233454 80.3185252
POINT (78.6398737 24.0344459),MADHYA PRADESH,5,Sagar,25,Malthon,41,Bandri Karoli,239,Rural,2462,10802,10K - 20K,1,24.0344459,78.6398737,24.0344459 78.6398737
POINT (78.5279263 24.3045713),MADHYA PRADESH,5,Sagar,25,Malthon,41,Malthon,240,Rural,2282,10764,10K - 20K,1,24.3045713,78.5279263,24.3045713 78.5279263
POINT (78.5944718 24.0544968),MADHYA PRADESH,5,Sagar,25,Malthon,41,Pithoriya,241,Rural,849,3678,3K - 4K,1,24.0544968,78.5944718,24.0544968 78.5944718
POINT (79.0489685 23.8927716),MADHYA PRADESH,5,Sagar,25,Sagar,42,Shahpur (NP),242,Urban,2765,13668,12K - 20K,1,23.8927716,79.0489685,23.8927716 79.0489685
POINT (78.8340228 23.9678264),MADHYA PRADESH,5,Sagar,25,Sagar,42,Karrapur (CT),243,Urban,2359,10647,3K - 12K,1,23.9678264,78.8340228,23.9678264 78.8340228
POINT (78.7419528 23.6430781),MADHYA PRADESH,5,Sagar,25,Sagar,42,Bilehra,244,Rural,1925,9371,7K - 10K,1,23.6430781,78.7419528,23.6430781 78.7419528
POINT (78.8297701 23.6289283),MADHYA PRADESH,5,Sagar,25,Sagar,42,Surkhi,245,Rural,1658,7289,7K - 10K,1,23.6289283,78.8297701,23.6289283 78.8297701
POINT (78.9443807 23.8646978),MADHYA PRADESH,5,Sagar,25,Sagar,42,Sanodha,246,Rural,1497,6394,5K - 7K,1,23.8646978,78.9443807,23.8646978 78.9443807
POINT (78.5918631 23.9064642),MADHYA PRADESH,5,Sagar,25,Sagar,42,Narayawali,247,Rural,1180,5261,5K - 7K,,23.9064642,78.5918631,23.9064642 78.5918631
POINT (78.9627624 23.876298),MADHYA PRADESH,5,Sagar,25,Sagar,42,Padariya,248,Rural,1005,4343,4K - 5K,1,23.876298,78.9627624,23.876298 78.9627624
POINT (78.8637428 23.9131299),MADHYA PRADESH,5,Sagar,25,Sagar,42,Kerbana,249,Rural,795,4121,4K - 5K,1,23.9131299,78.8637428,23.9131299 78.8637428
POINT (78.7731227 23.8830248),MADHYA PRADESH,5,Sagar,25,Sagar,42,Bararu,250,Rural,683,3567,3K - 4K,1,23.8830248,78.7731227,23.8830248 78.7731227
POINT (78.7192776 23.7118406),MADHYA PRADESH,5,Sagar,25,Sagar,42,Baroda Sager,251,Rural,669,3056,3K - 4K,,23.7118406,78.7192776,23.7118406 78.7192776
POINT (77.1600201 20.7164065),MAHARASHTRA,6,Akola,26,Akola,43,Borgaon,252,Rural,3564,16858,10K - 20K,1,20.7164065,77.1600201,20.7164065 77.1600201
POINT (77.0276814 20.6712895),MAHARASHTRA,6,Akola,26,Akola,43,Malkapur (CT),253,Urban,3476,15420,12K - 20K,1,20.6712895,77.0276814,20.6712895 77.0276814
POINT (76.9686267 20.6916333),MAHARASHTRA,6,Akola,26,Akola,43,Tapalabad,254,Rural,1640,7968,7K - 10K,1,20.6916333,76.9686267,20.6916333 76.9686267
POINT (77.030539 20.721213),MAHARASHTRA,6,Akola,26,Akola,43,Umari Pr. Akola (CT),255,Urban,1472,6756,3K - 12K,1,20.721213,77.030539,20.721213 77.030539
POINT (77.0852258 20.6932025),MAHARASHTRA,6,Akola,26,Akola,43,Babhulgaon,256,Rural,1200,5212,5K - 7K,1,20.6932025,77.0852258,20.6932025 77.0852258
POINT (77.053568 20.7229666),MAHARASHTRA,6,Akola,26,Akola,43,Gudadhi,257,Rural,1121,4905,4K - 5K,1,20.7229666,77.053568,20.7229666 77.053568
POINT (77.0348573 20.7054595),MAHARASHTRA,6,Akola,26,Akola,43,Akola (Rural),258,Rural,795,3763,3K - 4K,1,20.7054595,77.0348573,20.7054595 77.0348573
POINT (75.3086873 19.8745581),MAHARASHTRA,6,Aurangabad,27,Aurangabad,44,Aurangabad (CB),259,Urban,3263,18051,12K - 20K,1,19.8745581,75.3086873,19.8745581 75.3086873
POINT (75.1983113 20.1358589),MAHARASHTRA,6,Aurangabad,27,Aurangabad,44,Tisgaon,260,Rural,2848,12789,10K - 20K,1,20.1358589,75.1983113,20.1358589 75.1983113
POINT (75.2490332 19.8179019),MAHARASHTRA,6,Aurangabad,27,Aurangabad,44,Pandharpur (CT),261,Urban,2320,10346,3K - 12K,1,19.8179019,75.2490332,19.8179019 75.2490332
POINT (75.6209901 19.9728475),MAHARASHTRA,6,Aurangabad,27,Aurangabad,44,Ladsawangi,262,Rural,1472,7281,7K - 10K,1,19.9728475,75.6209901,19.9728475 75.6209901
POINT (75.221652 19.946133),MAHARASHTRA,6,Aurangabad,27,Aurangabad,44,Daulatabad,263,Rural,1178,6096,5K - 7K,1,19.946133,75.221652,19.946133 75.221652
POINT (75.221652 19.9287072),MAHARASHTRA,6,Aurangabad,27,Aurangabad,44,Maliwada,264,Rural,889,4403,4K - 5K,1,19.9287072,75.221652,19.9287072 75.221652
POINT (75.2741557 19.8285748),MAHARASHTRA,6,Aurangabad,27,Aurangabad,44,Waladgaon,265,Rural,757,3270,3K - 4K,1,19.8285748,75.2741557,19.8285748 75.2741557
POINT (74.2911538 16.7051682),MAHARASHTRA,6,Kolhapur,28,Karvir,45,Gandhinagar (CT),266,Urban,2565,12601,12K - 20K,1,16.7051682,74.2911538,16.7051682 74.2911538
POINT (74.3132878 16.7185172),MAHARASHTRA,6,Kolhapur,28,Karvir,45,Walivade,267,Rural,2126,10715,10K - 20K,1,16.7185172,74.3132878,16.7185172 74.3132878
POINT (74.2689603 16.6687108),MAHARASHTRA,6,Kolhapur,28,Karvir,45,Ujalaiwadi (CT),268,Urban,2149,9075,3K - 12K,1,16.6687108,74.2689603,16.6687108 74.2689603
POINT (74.2294632 16.6951125),MAHARASHTRA,6,Kolhapur,28,Karvir,45,Wasagade,269,Rural,1727,8165,7K - 10K,1,16.6951125,74.2294632,16.6951125 74.2294632
POINT (74.1929853 16.7206267),MAHARASHTRA,6,Kolhapur,28,Karvir,45,Chikhali,270,Rural,1292,6301,5K - 7K,1,16.7206267,74.1929853,16.7206267 74.1929853
POINT (74.3191542 16.7046483),MAHARASHTRA,6,Kolhapur,28,Karvir,45,Chinchwad,271,Rural,1196,5720,5K - 7K,,16.7046483,74.3191542,16.7046483 74.3191542
POINT (74.3147545 16.6341424),MAHARASHTRA,6,Kolhapur,28,Karvir,45,Nerli,272,Rural,1006,4391,4K - 5K,1,16.6341424,74.3147545,16.6341424 74.3147545
POINT (74.3338194 16.6542244),MAHARASHTRA,6,Kolhapur,28,Karvir,45,Sangwade,273,Rural,936,4331,4K - 5K,,16.6542244,74.3338194,16.6542244 74.3338194
POINT (74.2736848 16.6825145),MAHARASHTRA,6,Kolhapur,28,Karvir,45,Sarnobatwadi,274,Rural,825,3722,3K - 4K,1,16.6825145,74.2736848,16.6825145 74.2736848
POINT (79.0781907 21.1966993),MAHARASHTRA,6,Nagpur,29,Kamptee,46,Koradi (CT),275,Urban,1419,6321,3K - 12K,1,21.1966993,79.0781907,21.1966993 79.0781907
POINT (79.1792004 21.2043745),MAHARASHTRA,6,Nagpur,29,Kamptee,46,Ranala,276,Rural,1040,4899,4K - 5K,1,21.2043745,79.1792004,21.2043745 79.1792004
POINT (79.1283931 21.2141977),MAHARASHTRA,6,Nagpur,29,Kamptee,46,Mhasala,277,Rural,853,3714,3K - 4K,1,21.2141977,79.1283931,21.2141977 79.1283931
POINT (79.1351286 21.1002094),MAHARASHTRA,6,Nagpur,29,Nagpur (Rural),47,Narsala (CT),278,Urban,3982,17330,12K - 20K,1,21.1002094,79.1351286,21.1002094 79.1351286
POINT (79.1485035 21.1084929),MAHARASHTRA,6,Nagpur,29,Nagpur (Rural),47,Kharabi,279,Rural,2239,10145,10K - 20K,1,21.1084929,79.1485035,21.1084929 79.1485035
POINT (79.0598689 21.220718),MAHARASHTRA,6,Nagpur,29,Nagpur (Rural),47,Godhani (Railway),280,Rural,2158,9804,7K - 10K,1,21.220718,79.0598689,21.220718 79.0598689
POINT (79.0772159 21.0752108),MAHARASHTRA,6,Nagpur,29,Nagpur (Rural),47,Beltarodi,281,Rural,862,3599,3K - 4K,1,21.0752108,79.0772159,21.0752108 79.0772159
POINT (73.8933596 20.1453053),MAHARASHTRA,6,Nashik,30,Dindori,48,Mohadi,282,Rural,1542,8033,7K - 10K,1,20.1453053,73.8933596,20.1453053 73.8933596
POINT (73.8279381 20.2757973),MAHARASHTRA,6,Nashik,30,Dindori,48,Lakhamapur,283,Rural,1102,5289,5K - 7K,1,20.2757973,73.8279381,20.2757973 73.8279381
POINT (73.8272029 20.2041657),MAHARASHTRA,6,Nashik,30,Dindori,48,Palkhed,284,Rural,813,4576,4K - 5K,1,20.2041657,73.8272029,20.2041657 73.8272029
POINT (73.7183639 20.196791),MAHARASHTRA,6,Nashik,30,Dindori,48,Umrale Bk.,285,Rural,641,3604,3K - 4K,1,20.196791,73.7183639,20.196791 73.7183639
POINT (73.8389657 19.881523),MAHARASHTRA,6,Nashik,30,Nashik,49,Bhagur (M Cl),286,Urban,2545,12353,12K - 20K,1,19.881523,73.8389657,19.881523 73.8389657
POINT (73.8744886 19.9253526),MAHARASHTRA,6,Nashik,30,Nashik,49,Palashe,287,Rural,2367,11721,10K - 20K,1,19.9253526,73.8744886,19.9253526 73.8744886
POINT (73.8132337 19.8509645),MAHARASHTRA,6,Nashik,30,Nashik,49,Lahvit,288,Rural,1334,6826,5K - 7K,1,19.8509645,73.8132337,19.8509645 73.8132337
POINT (73.8380468 19.9004024),MAHARASHTRA,6,Nashik,30,Nashik,49,Sansari (CT),289,Urban,1230,5780,3K - 12K,1,19.9004024,73.8380468,19.9004024 73.8380468
POINT (73.8624893 19.8894817),MAHARASHTRA,6,Nashik,30,Nashik,49,Nanegaon,290,Rural,680,3667,3K - 4K,1,19.8894817,73.8624893,19.8894817 73.8624893
POINT (73.826375 18.4464732),MAHARASHTRA,6,Pune,31,Haveli,50,Nahre  (N.V.),291,Rural,4176,16174,10K - 20K,1,18.4464732,73.826375,18.4464732 73.826375
POINT (73.9563832 18.4563105),MAHARASHTRA,6,Pune,31,Haveli,50,Uruli-dewachi,292,Rural,2086,9403,7K - 10K,1,18.4563105,73.9563832,18.4563105 73.9563832
POINT (73.9095279 18.4566651),MAHARASHTRA,6,Pune,31,Haveli,50,Undari (Part)  (N.V.),293,Rural,2048,7970,7K - 10K,1,18.4566651,73.9095279,18.4566651 73.9095279
POINT (73.893636 18.4442326),MAHARASHTRA,6,Pune,31,Haveli,50,Yewalewadi (CT),294,Urban,1733,7685,3K - 12K,1,18.4442326,73.893636,18.4442326 73.893636
POINT (73.9077818 18.4491966),MAHARASHTRA,6,Pune,31,Haveli,50,Pisoli  (N.V.),295,Rural,1429,5417,5K - 7K,1,18.4491966,73.9077818,18.4491966 73.9077818
POINT (74.0252282 18.5417376),MAHARASHTRA,6,Pune,31,Haveli,50,Kolwadi,296,Rural,940,4967,4K - 5K,1,18.5417376,74.0252282,18.5417376 74.0252282
POINT (73.9906703 18.5263027),MAHARASHTRA,6,Pune,31,Haveli,50,Manjari Kh.,297,Rural,895,4559,4K - 5K,,18.5263027,73.9906703,18.5263027 73.9906703
POINT (73.8610191 18.4308601),MAHARASHTRA,6,Pune,31,Haveli,50,Mangadewadi,298,Rural,843,3970,3K - 4K,1,18.4308601,73.8610191,18.4308601 73.8610191
POINT (73.8567437 18.5204303),MAHARASHTRA,6,Pune,31,Purandhar,51,Jejuri (M Cl),299,Urban,3286,14515,12K - 20K,1,18.5204303,73.8567437,18.5204303 73.8567437
POINT (74.2047256 18.255723),MAHARASHTRA,6,Pune,31,Purandhar,51,Kolvihire,300,Rural,849,3784,3K - 4K,1,18.255723,74.2047256,18.255723 74.2047256
POINT (73.0749615 19.1977659),MAHARASHTRA,6,Thane,32,Kalyan,52,Bhopar  (N.V.),301,Rural,2631,10861,10K - 20K,1,19.1977659,73.0749615,19.1977659 73.0749615
POINT (73.1281725 19.2196533),MAHARASHTRA,6,Thane,32,Kalyan,52,Nandiwali Tarf Ambarnath  (N.V.),302,Rural,2317,9020,7K - 10K,1,19.2196533,73.1281725,19.2196533 73.1281725
POINT (73.1305395 19.2403305),MAHARASHTRA,6,Thane,32,Kalyan,52,Cole  (N.V.),303,Rural,1700,6932,5K - 7K,1,19.2403305,73.1305395,19.2403305 73.1305395
POINT (73.0361003 19.314405),MAHARASHTRA,6,Thane,32,Kalyan,52,Kambe (CT),304,Urban,1209,5436,3K - 12K,1,19.314405,73.0361003,19.314405 73.0361003
POINT (72.7252329 19.8157755),MAHARASHTRA,6,Thane,32,Palghar,53,Pasthal (CT),305,Urban,4804,18194,12K - 20K,1,19.8157755,72.7252329,19.8157755 72.7252329
POINT (72.7660584 19.7981656),MAHARASHTRA,6,Thane,32,Palghar,53,Dandi,306,Rural,1452,6540,5K - 7K,1,19.7981656,72.7660584,19.7981656 72.7660584
POINT (72.6897645 19.7892416),MAHARASHTRA,6,Thane,32,Palghar,53,Nawapur,307,Rural,1194,4773,4K - 5K,1,19.7892416,72.6897645,19.7892416 72.6897645
POINT (72.769885 19.6967136),MAHARASHTRA,6,Thane,32,Palghar,53,Shigaon,308,Rural,998,4642,4K - 5K,1,19.6967136,72.769885,19.6967136 72.769885
POINT (72.718583 19.8316587),MAHARASHTRA,6,Thane,32,Palghar,53,Kurgaon,309,Rural,857,3513,3K - 4K,1,19.8316587,72.718583,19.8316587 72.718583
POINT (72.8353005 19.7899595),MAHARASHTRA,6,Thane,32,Palghar,53,Gundale,310,Rural,734,3409,3K - 4K,,19.7899595,72.8353005,19.7899595 72.8353005
POINT (83.775678 21.3690304),ODISHA,7,Bargarh,33,Attabira,54,Attabira,311,Rural,2485,10833,10K - 20K,1,21.3690304,83.775678,21.3690304 83.775678
POINT (83.7312033 21.3399251),ODISHA,7,Bargarh,33,Attabira,54,Janhapada,312,Rural,1777,7210,7K - 10K,1,21.3399251,83.7312033,21.3399251 83.7312033
POINT (83.8547548 21.4401863),ODISHA,7,Bargarh,33,Attabira,54,Lahanda,313,Rural,1493,6183,5K - 7K,1,21.4401863,83.8547548,21.4401863 83.8547548
POINT (83.8101738 21.319843),ODISHA,7,Bargarh,33,Attabira,54,Bugbuga,314,Rural,1363,5571,5K - 7K,1,21.319843,83.8101738,21.319843 83.8101738
POINT (83.7650601 21.392382),ODISHA,7,Bargarh,33,Attabira,54,Tope,315,Rural,1154,4703,4K - 5K,1,21.392382,83.7650601,21.392382 83.7650601
POINT (83.7995617 21.3431986),ODISHA,7,Bargarh,33,Attabira,54,Kulunda,316,Rural,1055,4268,4K - 5K,,21.3431986,83.7995617,21.3431986 83.7995617
POINT (83.7464743 21.3887233),ODISHA,7,Bargarh,33,Attabira,54,Manapara,317,Rural,1055,3991,3K - 4K,1,21.3887233,83.7464743,21.3887233 83.7464743
POINT (83.8313923 21.4156089),ODISHA,7,Bargarh,33,Attabira,54,Larasara,318,Rural,806,3283,3K - 4K,1,21.4156089,83.8313923,21.4156089 83.8313923
POINT (83.7358514 21.4239438),ODISHA,7,Bargarh,33,Attabira,54,Lachida,319,Rural,769,3065,3K - 4K,,21.4239438,83.7358514,21.4239438 83.7358514
POINT (83.6661327 21.3242891),ODISHA,7,Bargarh,33,Bargarh,55,Tora,320,Rural,3958,18399,10K - 20K,1,21.3242891,83.6661327,21.3242891 83.6661327
POINT (83.7549541 21.3386266),ODISHA,7,Bargarh,33,Bargarh,55,Khaliapali (CT),321,Urban,1658,6865,3K - 12K,1,21.3386266,83.7549541,21.3386266 83.7549541
POINT (83.6082346 21.4072622),ODISHA,7,Bargarh,33,Bargarh,55,Katapali,322,Rural,1539,5842,5K - 7K,1,21.4072622,83.6082346,21.4072622 83.6082346
POINT (83.5935116 21.3820236),ODISHA,7,Bargarh,33,Bargarh,55,Bardol (CT)  ,323,Urban,1327,5441,3K - 12K,1,21.3820236,83.5935116,21.3820236 83.5935116
POINT (83.5090195 21.2513983),ODISHA,7,Bargarh,33,Bargarh,55,Bargaon,324,Rural,1302,4889,4K - 5K,1,21.2513983,83.5090195,21.2513983 83.5090195
POINT (83.6228706 21.3558872),ODISHA,7,Bargarh,33,Bargarh,55,Kalapani,325,Rural,1020,4364,4K - 5K,1,21.3558872,83.6228706,21.3558872 83.6228706
POINT (83.6320212 21.3470154),ODISHA,7,Bargarh,33,Bargarh,55,Rungunia,326,Rural,767,3187,3K - 4K,1,21.3470154,83.6320212,21.3470154 83.6320212
POINT (85.530035 20.3767818),ODISHA,7,Cuttack,34,Banki ,56,Banki (NAC),327,Urban,3698,17521,12K - 20K,1,20.3767818,85.530035,20.3767818 85.530035
POINT (85.5972218 20.3173879),ODISHA,7,Cuttack,34,Banki ,56,Tala Basta,328,Rural,2695,11361,10K - 20K,1,20.3173879,85.5972218,20.3173879 85.5972218
POINT (85.6537627 20.3604118),ODISHA,7,Cuttack,34,Banki ,56,Gadajit,329,Rural,1215,5676,5K - 7K,1,20.3604118,85.6537627,20.3604118 85.6537627
POINT (85.5094841 20.3093105),ODISHA,7,Cuttack,34,Banki ,56,Naraganga,330,Rural,1156,5080,5K - 7K,,20.3093105,85.5094841,20.3093105 85.5094841
POINT (85.6075064 20.4841114),ODISHA,7,Cuttack,34,Banki ,56,Kadalibadi,331,Rural,1171,4982,4K - 5K,1,20.4841114,85.6075064,20.4841114 85.6075064
POINT (85.6588999 20.4378307),ODISHA,7,Cuttack,34,Banki ,56,Pathapur,332,Rural,916,4553,4K - 5K,1,20.4378307,85.6588999,20.4378307 85.6588999
POINT (85.751283 20.4163161),ODISHA,7,Cuttack,34,Banki ,56,Banara,333,Rural,980,4456,4K - 5K,1,20.4163161,85.751283,20.4163161 85.751283
POINT (85.5650695 20.3894007),ODISHA,7,Cuttack,34,Banki ,56,Harirajpur,334,Rural,1081,4443,4K - 5K,,20.3894007,85.5650695,20.3894007 85.5650695
POINT (85.5457689 20.3517568),ODISHA,7,Cuttack,34,Banki ,56,Patapur,335,Rural,897,3921,3K - 4K,1,20.3517568,85.5457689,20.3517568 85.5457689
POINT (85.5206678 20.3548326),ODISHA,7,Cuttack,34,Banki ,56,Ragadipatna,336,Rural,869,3737,3K - 4K,1,20.3548326,85.5206678,20.3548326 85.5206678
POINT (85.5290361 20.3765951),ODISHA,7,Cuttack,34,Banki ,56,Singhanathapur,337,Rural,791,3392,3K - 4K,,20.3765951,85.5290361,20.3765951 85.5290361
POINT (85.8520949 20.4234844),ODISHA,7,Cuttack,34,Barang ,57,Belagachhia (CT),338,Urban,1115,5516,3K - 12K,1,20.4234844,85.8520949,20.4234844 85.8520949
POINT (85.748719 20.4430118),ODISHA,7,Cuttack,34,Barang ,57,Mundali,339,Rural,991,5265,5K - 7K,1,20.4430118,85.748719,20.4430118 85.748719
POINT (85.831986 20.4108243),ODISHA,7,Cuttack,34,Barang ,57,Dadhapatna (CT),340,Urban,1050,5005,3K - 12K,1,20.4108243,85.831986,20.4108243 85.831986
POINT (85.8483832 20.4043985),ODISHA,7,Cuttack,34,Barang ,57,Narajmarthapur,341,Rural,865,3972,3K - 4K,1,20.4043985,85.8483832,20.4043985 85.8483832
POINT (84.8059489 19.3298479),ODISHA,7,Ganjam,35,Brahmapur Sadar,58,Lochapada (CT) ,342,Urban,3644,16377,12K - 20K,1,19.3298479,84.8059489,19.3298479 84.8059489
POINT (84.8163822 19.3212491),ODISHA,7,Ganjam,35,Brahmapur Sadar,58,Bhabinipur (CT) ,343,Urban,2224,10411,3K - 12K,1,19.3212491,84.8163822,19.3212491 84.8163822
POINT (84.7582334 19.301758),ODISHA,7,Ganjam,35,Brahmapur Sadar,58,Lathi,344,Rural,1224,6481,5K - 7K,1,19.301758,84.7582334,19.301758 84.7582334
POINT (84.787686 19.3441528),ODISHA,7,Ganjam,35,Brahmapur Sadar,58,Jagadalpur,345,Rural,1183,6163,5K - 7K,1,19.3441528,84.787686,19.3441528 84.787686
POINT (84.7940911 19.3149618),ODISHA,7,Ganjam,35,Brahmapur Sadar,58,Ankusapur,346,Rural,1030,5348,5K - 7K,,19.3149618,84.7940911,19.3149618 84.7940911
POINT (84.8307248 19.3824398),ODISHA,7,Ganjam,35,Brahmapur Sadar,58,Gurunthi,347,Rural,1017,4908,4K - 5K,1,19.3824398,84.8307248,19.3824398 84.8307248
POINT (84.7994271 19.3696901),ODISHA,7,Ganjam,35,Brahmapur Sadar,58,Borigam (CT) ,348,Urban,974,4855,3K - 12K,1,19.3696901,84.7994271,19.3696901 84.7994271
POINT (84.8176862 19.2842264),ODISHA,7,Ganjam,35,Brahmapur Sadar,58,Fulta,349,Rural,858,4504,4K - 5K,1,19.2842264,84.8176862,19.2842264 84.8176862
POINT (84.6400645 19.4095522),ODISHA,7,Ganjam,35,Brahmapur Sadar,58,Goutami,350,Rural,882,4095,4K - 5K,,19.4095522,84.6400645,19.4095522 84.6400645
POINT (84.7132696 19.4116903),ODISHA,7,Ganjam,35,Brahmapur Sadar,58,Baulajholi,351,Rural,722,3489,3K - 4K,1,19.4116903,84.7132696,19.4116903 84.7132696
POINT (84.8470189 19.3821592),ODISHA,7,Ganjam,35,Brahmapur Sadar,58,Hugulapata,352,Rural,602,3118,3K - 4K,1,19.3821592,84.8470189,19.3821592 84.8470189
POINT (84.7563646 19.3225039),ODISHA,7,Ganjam,35,Brahmapur Sadar,58,Sukunda,353,Rural,598,3056,3K - 4K,,19.3225039,84.7563646,19.3225039 84.7563646
POINT (84.9141012 19.4085076),ODISHA,7,Ganjam,35,Chhatrapur,59,Sundarpur,354,Rural,1895,9399,7K - 10K,1,19.4085076,84.9141012,19.4085076 84.9141012
POINT (84.9739521 19.3834743),ODISHA,7,Ganjam,35,Chhatrapur,59,Chikalakhandi,355,Rural,1623,7152,7K - 10K,1,19.3834743,84.9739521,19.3834743 84.9739521
POINT (84.9479378 19.4598708),ODISHA,7,Ganjam,35,Chhatrapur,59,Badamadhapur,356,Rural,1056,4950,4K - 5K,1,19.4598708,84.9479378,19.4598708 84.9479378
POINT (84.9687502 19.4011261),ODISHA,7,Ganjam,35,Chhatrapur,59,Bipilingi,357,Rural,681,3168,3K - 4K,1,19.4011261,84.9687502,19.4011261 84.9687502
POINT (83.8833024 21.499005),ODISHA,7,Sambalpur,36,Burla,60,Kalamati,358,Rural,2146,9286,7K - 10K,1,21.499005,83.8833024,21.499005 83.8833024
POINT (73.3438385 27.7967826),RAJASTHAN,8,Bikaner,37,Bikaner,61,Deshnoke (M),359,Urban,2995,18470,12K - 20K,1,27.7967826,73.3438385,27.7967826 73.3438385
POINT (73.2634474 27.8461183),RAJASTHAN,8,Bikaner,37,Bikaner,61,Palana,360,Rural,1312,9331,7K - 10K,1,27.8461183,73.2634474,27.8461183 73.2634474
POINT (73.2007409 27.8217912),RAJASTHAN,8,Bikaner,37,Bikaner,61,Barsingsar,361,Rural,817,5766,5K - 7K,1,27.8217912,73.2007409,27.8217912 73.2007409
POINT (73.1703628 27.8233645),RAJASTHAN,8,Bikaner,37,Bikaner,61,Lalamdesar,362,Rural,564,3770,3K - 4K,1,27.8233645,73.1703628,27.8233645 73.1703628
POINT (73.2058993 27.5037578),RAJASTHAN,8,Bikaner,37,Nokha,62,Panchoo,363,Rural,2604,17370,10K - 20K,1,27.5037578,73.2058993,27.5037578 73.2058993
POINT (73.28833 27.2911406),RAJASTHAN,8,Bikaner,37,Nokha,62,Sarunda,364,Rural,1583,10375,10K - 20K,1,27.2911406,73.28833,27.2911406 73.28833
POINT (73.2419565 27.6784816),RAJASTHAN,8,Bikaner,37,Nokha,62,Jangloo,365,Rural,1162,7735,7K - 10K,1,27.6784816,73.2419565,27.6784816 73.2419565
POINT (73.1231585 27.7037054),RAJASTHAN,8,Bikaner,37,Nokha,62,Jaisingh Desar Magra,366,Rural,745,5040,5K - 7K,1,27.7037054,73.1231585,27.7037054 73.1231585
POINT (73.3629778 27.6690323),RAJASTHAN,8,Bikaner,37,Nokha,62,Bhamatsar,367,Rural,614,5000,4K - 5K,1,27.6690323,73.3629778,27.6690323 73.3629778
POINT (73.4295504 27.5922558),RAJASTHAN,8,Bikaner,37,Nokha,62,Nokhagaon,368,Rural,694,4787,4K - 5K,,27.5922558,73.4295504,27.5922558 73.4295504
POINT (73.3428686 27.609942),RAJASTHAN,8,Bikaner,37,Nokha,62,Hiyadesar,369,Rural,498,3428,3K - 4K,1,27.609942,73.3428686,27.609942 73.3428686
POINT (73.5236778 27.5824873),RAJASTHAN,8,Bikaner,37,Nokha,62,Somalsar,370,Rural,407,3004,3K - 4K,,27.5824873,73.5236778,27.5824873 73.5236778
POINT (75.6178991 27.179684),RAJASTHAN,8,Jaipur,38,Chomu,63,Kaladera,371,Rural,2122,13151,10K - 20K,1,27.179684,75.6178991,27.179684 75.6178991
POINT (75.7197039 27.2621667),RAJASTHAN,8,Jaipur,38,Chomu,63,Itawa Bhopji,372,Rural,1643,10881,10K - 20K,1,27.2621667,75.7197039,27.2621667 75.7197039
POINT (75.6491269 27.2472518),RAJASTHAN,8,Jaipur,38,Chomu,63,Govindgarh (CT),373,Urban,1331,7735,3K - 12K,1,27.2472518,75.6491269,27.2472518 75.6491269
POINT (75.7109806 27.1893512),RAJASTHAN,8,Jaipur,38,Chomu,63,Harota,374,Rural,1149,7461,7K - 10K,1,27.1893512,75.7109806,27.1893512 75.7109806
POINT (75.7662195 27.2094445),RAJASTHAN,8,Jaipur,38,Chomu,63,Hathnoda,375,Rural,823,5594,5K - 7K,1,27.2094445,75.7662195,27.2094445 75.7662195
POINT (75.6513571 27.2248712),RAJASTHAN,8,Jaipur,38,Chomu,63,Malikpur,376,Rural,705,4838,4K - 5K,1,27.2248712,75.6513571,27.2248712 75.6513571
POINT (75.7158062 27.1655759),RAJASTHAN,8,Jaipur,38,Chomu,63,Dhobolai,377,Rural,632,4234,4K - 5K,1,27.1655759,75.7158062,27.1655759 75.7158062
POINT (75.7080727 27.3184712),RAJASTHAN,8,Jaipur,38,Chomu,63,Nindola,378,Rural,467,3381,3K - 4K,1,27.3184712,75.7080727,27.3184712 75.7080727
POINT (75.6382657 27.2767042),RAJASTHAN,8,Jaipur,38,Chomu,63,Nangal Kalan,379,Rural,492,3300,3K - 4K,,27.2767042,75.6382657,27.2767042 75.6382657
POINT (75.7246783 26.9652388),RAJASTHAN,8,Jaipur,38,Jaipur,64,Niwaroo,380,Rural,2131,11745,10K - 20K,1,26.9652388,75.7246783,26.9652388 75.7246783
POINT (75.9257795 26.8785053),RAJASTHAN,8,Jaipur,38,Jaipur,64,Bagrana (CT),381,Urban,1996,10790,3K - 12K,1,26.8785053,75.9257795,26.8785053 75.9257795
POINT (75.7295752 26.9862033),RAJASTHAN,8,Jaipur,38,Jaipur,64,Boytawala,382,Rural,1645,8667,7K - 10K,1,26.9862033,75.7295752,26.9862033 75.7295752
POINT (75.6799257 26.9633188),RAJASTHAN,8,Jaipur,38,Jaipur,64,Hathod,383,Rural,1103,6199,5K - 7K,1,26.9633188,75.6799257,26.9633188 75.6799257
POINT (75.6949864 26.973264),RAJASTHAN,8,Jaipur,38,Jaipur,64,Peethawas,384,Rural,572,3208,3K - 4K,1,26.973264,75.6949864,26.973264 75.6949864
POINT (73.0729934 26.2046308),RAJASTHAN,8,Jodhpur,39,Jodhpur,65,Jhalamand,385,Rural,2632,15127,10K - 20K,1,26.2046308,73.0729934,26.2046308 73.0729934
POINT (72.886993 26.3279829),RAJASTHAN,8,Jodhpur,39,Jodhpur,65,Keroo,386,Rural,1575,9523,7K - 10K,1,26.3279829,72.886993,26.3279829 72.886993
POINT (72.9342451 26.2422061),RAJASTHAN,8,Jodhpur,39,Jodhpur,65,Chaukhan,387,Rural,1227,6881,5K - 7K,1,26.2422061,72.9342451,26.2422061 72.9342451
POINT (73.0552854 26.2253993),RAJASTHAN,8,Jodhpur,39,Jodhpur,65,Bhatinda,388,Rural,898,5299,5K - 7K,1,26.2253993,73.0552854,26.2253993 73.0552854
POINT (72.900126 26.3811683),RAJASTHAN,8,Jodhpur,39,Jodhpur,65,Beroo,389,Rural,798,4815,4K - 5K,1,26.3811683,72.900126,26.3811683 72.900126
POINT (73.0051055 26.4110461),RAJASTHAN,8,Jodhpur,39,Jodhpur,65,Manaklao,390,Rural,783,4674,4K - 5K,1,26.4110461,73.0051055,26.4110461 73.0051055
POINT (72.8456399 26.4201253),RAJASTHAN,8,Jodhpur,39,Jodhpur,65,Salori,391,Rural,658,3995,3K - 4K,1,26.4201253,72.8456399,26.4201253 72.8456399
POINT (72.771103 26.386251),RAJASTHAN,8,Jodhpur,39,Jodhpur,65,Ghantiyala,392,Rural,565,3402,3K - 4K,1,26.386251,72.771103,26.386251 72.771103
POINT (76.1609838 25.2830079),RAJASTHAN,8,Kota,40,Digod,66,Sultanpur,393,Rural,3209,16684,10K - 20K,1,25.2830079,76.1609838,25.2830079 76.1609838
POINT (76.0773715 25.222051),RAJASTHAN,8,Kota,40,Digod,66,Digod,394,Rural,939,5005,5K - 7K,1,25.222051,76.0773715,25.222051 76.0773715
POINT (76.1957618 25.3211433),RAJASTHAN,8,Kota,40,Digod,66,Notara,395,Rural,864,4422,4K - 5K,1,25.3211433,76.1957618,25.3211433 76.1957618
POINT (76.1030007 25.1613793),RAJASTHAN,8,Kota,40,Digod,66,Seemalya,396,Rural,772,4079,4K - 5K,,25.1613793,76.1030007,25.1613793 76.1030007
POINT (76.0773715 25.222051),RAJASTHAN,8,Kota,40,Digod,66,Gadhepan,397,Rural,889,3299,3K - 4K,1,25.222051,76.0773715,25.222051 76.0773715
POINT (76.2384975 25.3026992),RAJASTHAN,8,Kota,40,Digod,66,Morpa,398,Rural,586,3069,3K - 4K,1,25.3026992,76.2384975,25.3026992 76.2384975
POINT (76.0072749 24.6614131),RAJASTHAN,8,Kota,40,Ramganj Mandi,67,Satalkheri (CT),399,Urban,3352,15617,12K - 20K,1,24.6614131,76.0072749,24.6614131 76.0072749
POINT (75.978254 24.728404),RAJASTHAN,8,Kota,40,Ramganj Mandi,67,Udpura (CT),400,Urban,2080,10051,3K - 12K,1,24.728404,75.978254,24.728404 75.978254
POINT (75.95213 24.728828),RAJASTHAN,8,Kota,40,Ramganj Mandi,67,Modak (CT),401,Urban,2011,9204,3K - 12K,1,24.728828,75.95213,24.728828 75.95213
POINT (75.988412 24.5884258),RAJASTHAN,8,Kota,40,Ramganj Mandi,67,Julmi,402,Rural,1398,7257,7K - 10K,1,24.5884258,75.988412,24.5884258 75.988412
POINT (73.693352 24.6453385),RAJASTHAN,8,Udaipur,41,Girwa,68,Bargaon (Rural) (CT),403,Urban,2042,9193,3K - 12K,1,24.6453385,73.693352,24.6453385 73.693352
POINT (73.7177965 24.5373837),RAJASTHAN,8,Udaipur,41,Girwa,68,Teetardi,404,Rural,1407,6962,5K - 7K,,24.5373837,73.7177965,24.5373837 73.7177965
POINT (73.6948234 24.6469436),RAJASTHAN,8,Udaipur,41,Girwa,68,Bedla (CT),405,Urban,1278,5766,3K - 12K,1,24.6469436,73.6948234,24.6469436 73.6948234
POINT (73.7090911 24.6039952),RAJASTHAN,8,Udaipur,41,Girwa,68,Shobhagpura,406,Rural,988,4873,4K - 5K,1,24.6039952,73.7090911,24.6039952 73.7090911
POINT (73.7365421 24.5619941),RAJASTHAN,8,Udaipur,41,Girwa,68,Manwa Khera (Rural),407,Rural,1024,4840,4K - 5K,1,24.5619941,73.7365421,24.5619941 73.7365421
POINT (73.7095365 24.6514583),RAJASTHAN,8,Udaipur,41,Girwa,68,Bedla Khurd,408,Rural,775,3720,3K - 4K,1,24.6514583,73.7095365,24.6514583 73.7095365
POINT (74.1850289 24.500894),RAJASTHAN,8,Udaipur,41,Vallabhnagar,69,Bhinder (M),409,Urban,3605,17878,12K - 20K,1,24.500894,74.1850289,24.500894 74.1850289
POINT (74.2651729 24.4364464),RAJASTHAN,8,Udaipur,41,Vallabhnagar,69,Kanor (M),410,Urban,2780,13239,12K - 20K,1,24.4364464,74.2651729,24.4364464 74.2651729
POINT (73.9598613 24.6078919),RAJASTHAN,8,Udaipur,41,Vallabhnagar,69,Vallabh Nagar,411,Rural,1650,8053,7K - 10K,1,24.6078919,73.9598613,24.6078919 73.9598613
POINT (74.0980135 24.6457549),RAJASTHAN,8,Udaipur,41,Vallabhnagar,69,Rundera,412,Rural,1033,5329,5K - 7K,1,24.6457549,74.0980135,24.6457549 74.0980135
POINT (73.9741765 24.5848265),RAJASTHAN,8,Udaipur,41,Vallabhnagar,69,Modi,413,Rural,819,3793,3K - 4K,1,24.5848265,73.9741765,24.5848265 73.9741765
POINT (76.9391303 11.0844051),TAMIL NADU,9,Coimbatore,42,Coimbatore North,70,Kurudampalayam (CT),414,Urban,4985,18749,12K - 20K,1,11.0844051,76.9391303,11.0844051 76.9391303
POINT (76.9153281 11.0864057),TAMIL NADU,9,Coimbatore,42,Coimbatore North,70,Pannimadai,415,Rural,3802,13785,10K - 20K,1,11.0864057,76.9153281,11.0864057 76.9153281
POINT (76.9729472 11.1720586),TAMIL NADU,9,Coimbatore,42,Coimbatore North,70,Veerapandi,416,Rural,2105,7528,7K - 10K,1,11.1720586,76.9729472,11.1720586 76.9729472
POINT (76.922532 11.1545938),TAMIL NADU,9,Coimbatore,42,Coimbatore North,70,Naickenpalayam,417,Rural,1710,5914,5K - 7K,1,11.1545938,76.922532,11.1545938 76.922532
POINT (76.9937642 11.1141562),TAMIL NADU,9,Coimbatore,42,Coimbatore North,70,Keeranatham,418,Rural,1369,4707,4K - 5K,1,11.1141562,76.9937642,11.1141562 76.9937642
POINT (76.9057724 11.026769),TAMIL NADU,9,Coimbatore,42,Coimbatore North,70,Vadavalli,419,Rural,1105,3859,3K - 4K,1,11.026769,76.9057724,11.026769 76.9057724
POINT (77.083787 10.9926607),TAMIL NADU,9,Coimbatore,42,Sulur,71,Pallapalayam (TP),420,Urban,3369,11910,3K - 12K,1,10.9926607,77.083787,10.9926607 77.083787
POINT (77.1513152 11.0245286),TAMIL NADU,9,Coimbatore,42,Sulur,71,Kangayampalayam,421,Rural,2247,8251,7K - 10K,1,11.0245286,77.1513152,11.0245286 77.1513152
POINT (77.1398878 10.996448),TAMIL NADU,9,Coimbatore,42,Sulur,71,Kalangal,422,Rural,1639,5590,5K - 7K,1,10.996448,77.1398878,10.996448 77.1398878
POINT (77.1326969 11.0612239),TAMIL NADU,9,Coimbatore,42,Sulur,71,Rasipalayam,423,Rural,1364,4407,4K - 5K,1,11.0612239,77.1326969,11.0612239 77.1326969
POINT (77.0836744 10.9743421),TAMIL NADU,9,Coimbatore,42,Sulur,71,Peedampalli,424,Rural,1134,3896,3K - 4K,1,10.9743421,77.0836744,10.9743421 77.0836744
POINT (77.9694579 10.3623794),TAMIL NADU,9,Dindigul,43,Dindigul,72,Thadikombu (TP),425,Urban,4777,18838,12K - 20K,1,10.3623794,77.9694579,10.3623794 77.9694579
POINT (77.9518638 10.3721496),TAMIL NADU,9,Dindigul,43,Dindigul,72,Pallapatti,426,Rural,3507,13701,10K - 20K,1,10.3721496,77.9518638,10.3721496 77.9518638
POINT (77.899604 10.4385359),TAMIL NADU,9,Dindigul,43,Dindigul,72,Silvarpatti,427,Rural,1842,7280,7K - 10K,1,10.4385359,77.899604,10.4385359 77.899604
POINT (77.8997638 10.5036018),TAMIL NADU,9,Dindigul,43,Dindigul,72,Sullerumbu,428,Rural,1394,5255,5K - 7K,1,10.5036018,77.8997638,10.5036018 77.8997638
POINT (77.856738 10.4396535),TAMIL NADU,9,Dindigul,43,Dindigul,72,Kothapulli,429,Rural,1267,4816,4K - 5K,1,10.4396535,77.856738,10.4396535 77.856738
POINT (77.9694579 10.3623794),TAMIL NADU,9,Dindigul,43,Dindigul,72,Gurunathanaickenur ,430,Rural,1089,3998,3K - 4K,1,10.3623794,77.9694579,10.3623794 77.9694579
POINT (77.9476157 10.5311313),TAMIL NADU,9,Dindigul,43,Vedasandur,73,Vedasandur (TP),431,Urban,3046,11730,3K - 12K,1,10.5311313,77.9476157,10.5311313 77.9476157
POINT (78.0652406 10.5167852),TAMIL NADU,9,Dindigul,43,Vedasandur,73,Paganatham,432,Rural,1803,7556,7K - 10K,1,10.5167852,78.0652406,10.5167852 78.0652406
POINT (77.9927663 10.4731614),TAMIL NADU,9,Dindigul,43,Vedasandur,73,Marambadi,433,Rural,1576,6363,5K - 7K,1,10.4731614,77.9927663,10.4731614 77.9927663
POINT (78.0252466 10.5095648),TAMIL NADU,9,Dindigul,43,Vedasandur,73,Chittur,434,Rural,1182,4618,4K - 5K,1,10.5095648,78.0252466,10.5095648 78.0252466
POINT (77.9909949 10.5745553),TAMIL NADU,9,Dindigul,43,Vedasandur,73,Koovakkapatti,435,Rural,897,3676,3K - 4K,,10.5745553,77.9909949,10.5745553 77.9909949
POINT (78.136955 9.9750129),TAMIL NADU,9,Madurai,44,Madurai North,74,Thiruppalai (CT),436,Urban,4689,19305,12K - 20K,1,9.9750129,78.136955,9.9750129 78.136955
POINT (78.1562812 9.953487),TAMIL NADU,9,Madurai,44,Madurai North,74,Kodikulam ,437,Rural,2227,8681,7K - 10K,1,9.953487,78.1562812,9.953487 78.1562812
POINT (78.1934911 9.9622626),TAMIL NADU,9,Madurai,44,Madurai North,74,Narasingam (CT),438,Urban,1538,5971,3K - 12K,1,9.9622626,78.1934911,9.9622626 78.1934911
POINT (78.1504617 10.0035473),TAMIL NADU,9,Madurai,44,Madurai North,74,Chettikulam,439,Rural,1259,4970,4K - 5K,1,10.0035473,78.1504617,10.0035473 78.1504617
POINT (78.1808679 9.906697),TAMIL NADU,9,Madurai,44,Madurai North,74,Andarkottaram,440,Rural,734,3002,3K - 4K,1,9.906697,78.1808679,9.906697 78.1808679
POINT (78.0834723 10.0463927),TAMIL NADU,9,Madurai,44,Vadipatti,75,Kallanai  ,441,Rural,2590,10045,10K - 20K,1,10.0463927,78.0834723,10.0463927 78.0834723
POINT (78.0950256 10.0588195),TAMIL NADU,9,Madurai,44,Vadipatti,75,Urseri  ,442,Rural,1673,6505,5K - 7K,1,10.0588195,78.0950256,10.0588195 78.0950256
POINT (78.1257976 10.0814006),TAMIL NADU,9,Madurai,44,Vadipatti,75,Muduvarpatti,443,Rural,1185,4694,4K - 5K,1,10.0814006,78.1257976,10.0814006 78.1257976
POINT (78.0251362 10.0278417),TAMIL NADU,9,Madurai,44,Vadipatti,75,Chittalangudi  ,444,Rural,970,3696,3K - 4K,1,10.0278417,78.0251362,10.0278417 78.0251362
POINT (79.0930008 10.7493396),TAMIL NADU,9,Thanjavur,45,Thanjavur,76,Neelagiri (CT),445,Urban,4196,16197,12K - 20K,1,10.7493396,79.0930008,10.7493396 79.0930008
POINT (79.1162424 10.7857283),TAMIL NADU,9,Thanjavur,45,Thanjavur,76,Melavelithottam ,446,Rural,2767,11211,10K - 20K,1,10.7857283,79.1162424,10.7857283 79.1162424
POINT (79.0821583 10.7401235),TAMIL NADU,9,Thanjavur,45,Thanjavur,76,Pillaiyarpatti,447,Rural,1990,7966,7K - 10K,1,10.7401235,79.0821583,10.7401235 79.0821583
POINT (79.0059054 10.733089),TAMIL NADU,9,Thanjavur,45,Thanjavur,76,Thirumalai Samudram,448,Rural,464,6783,5K - 7K,1,10.733089,79.0059054,10.733089 79.0059054
POINT (79.1237127 10.7342635),TAMIL NADU,9,Thanjavur,45,Thanjavur,76,Inathukanpatti,449,Rural,870,3903,3K - 4K,1,10.7342635,79.1237127,10.7342635 79.1237127
POINT (79.0899245 10.8564171),TAMIL NADU,9,Thanjavur,45,Thiruvaiyaru,77,Melathiruppanthuruthi (TP),450,Urban,2240,9074,3K - 12K,1,10.8564171,79.0899245,10.8564171 79.0899245
POINT (79.1068667 10.8514593),TAMIL NADU,9,Thanjavur,45,Thiruvaiyaru,77,Kandiyur,451,Rural,1219,4780,4K - 5K,1,10.8514593,79.1068667,10.8514593 79.1068667
POINT (79.121636 10.8335293),TAMIL NADU,9,Thanjavur,45,Thiruvaiyaru,77,Manakkarambai,452,Rural,1016,3961,3K - 4K,1,10.8335293,79.121636,10.8335293 79.121636
POINT (80.0603235 13.0525053),TAMIL NADU,9,Thiruvallur,46,Poonamallee,78,Thirumazhisai (TP),453,Urban,5220,19733,12K - 20K,1,13.0525053,80.0603235,13.0525053 80.0603235
POINT (80.0382306 13.0318628),TAMIL NADU,9,Thiruvallur,46,Poonamallee,78,Sembarambakkam ,454,Rural,1503,5709,5K - 7K,1,13.0318628,80.0382306,13.0318628 80.0382306
POINT (80.0785859 13.0377113),TAMIL NADU,9,Thiruvallur,46,Poonamallee,78,Agaramel,455,Rural,1124,4609,4K - 5K,1,13.0377113,80.0785859,13.0377113 80.0785859
POINT (80.094696 13.066182),TAMIL NADU,9,Thiruvallur,46,Poonamallee,78,Parivakkam,456,Rural,1015,3911,3K - 4K,1,13.066182,80.094696,13.066182 80.094696
POINT (79.879144 13.138824),TAMIL NADU,9,Thiruvallur,46,Thiruvallur,79,Thirupachur  ,457,Rural,3029,12353,10K - 20K,1,13.138824,79.879144,13.138824 79.879144
POINT (79.86801 13.113377),TAMIL NADU,9,Thiruvallur,46,Thiruvallur,79,Kadambathur (CT),458,Urban,2791,11235,3K - 12K,1,13.113377,79.86801,13.113377 79.86801
POINT (79.9136731 13.1538115),TAMIL NADU,9,Thiruvallur,46,Thiruvallur,79,Ikkadu   ,459,Rural,2328,9598,7K - 10K,1,13.1538115,79.9136731,13.1538115 79.9136731
POINT (79.9067679 13.0879321),TAMIL NADU,9,Thiruvallur,46,Thiruvallur,79,Melnallathur ,460,Rural,1674,6727,5K - 7K,1,13.0879321,79.9067679,13.0879321 79.9067679
POINT (79.2593444 12.6906424),TAMIL NADU,9,Tiruvannamalai,47,Arani,80,Sevur (CT),461,Urban,2446,10299,3K - 12K,1,12.6906424,79.2593444,12.6906424 79.2593444
POINT (79.2986668 12.6890128),TAMIL NADU,9,Tiruvannamalai,47,Arani,80,Irumbedu,462,Rural,1726,7378,7K - 10K,1,12.6890128,79.2986668,12.6890128 79.2986668
POINT (79.281782 12.6590841),TAMIL NADU,9,Tiruvannamalai,47,Arani,80,Vadugasathu,463,Rural,1243,5104,5K - 7K,,12.6590841,79.281782,12.6590841 79.281782
POINT (79.1374804 12.5325181),TAMIL NADU,9,Tiruvannamalai,47,Arani,80,Kunnathur,464,Rural,1145,4819,4K - 5K,1,12.5325181,79.1374804,12.5325181 79.1374804
POINT (79.2935647 12.6580067),TAMIL NADU,9,Tiruvannamalai,47,Arani,80,Pungampadi  ,465,Rural,908,3703,3K - 4K,1,12.6580067,79.2935647,12.6580067 79.2935647
POINT (79.1126196 12.6599855),TAMIL NADU,9,Tiruvannamalai,47,Polur,81,Padavedu,466,Rural,3766,15163,10K - 20K,1,12.6599855,79.1126196,12.6599855 79.1126196
POINT (79.2169174 12.626243),TAMIL NADU,9,Tiruvannamalai,47,Polur,81,Kalambur (TP),467,Urban,3476,14304,12K - 20K,1,12.626243,79.2169174,12.626243 79.2169174
POINT (79.1936482 12.5849784),TAMIL NADU,9,Tiruvannamalai,47,Polur,81,Vadamathimangalam,468,Rural,1422,5737,5K - 7K,1,12.5849784,79.1936482,12.5849784 79.1936482
POINT (79.1784848 12.6597022),TAMIL NADU,9,Tiruvannamalai,47,Polur,81,Vellur,469,Rural,1011,4192,4K - 5K,1,12.6597022,79.1784848,12.6597022 79.1784848
POINT (79.1702265 12.64784),TAMIL NADU,9,Tiruvannamalai,47,Polur,81,Pushpagiri,470,Rural,955,3981,3K - 4K,1,12.64784,79.1702265,12.64784 79.1702265
POINT (77.9477521 27.1948461),UTTAR PRADESH,10,Agra,48,Agra,82,Dehtora (CT),471,Urban,2812,16020,12K - 20K,1,27.1948461,77.9477521,27.1948461 77.9477521
POINT (77.8817452 27.0648082),UTTAR PRADESH,10,Agra,48,Agra,82,Akola,472,Rural,1751,11351,10K - 20K,,27.0648082,77.8817452,27.0648082 77.8817452
POINT (77.9175698 27.0881989),UTTAR PRADESH,10,Agra,48,Agra,82,Mankenda,473,Rural,1210,8198,7K - 10K,1,27.0881989,77.9175698,27.0881989 77.9175698
POINT (77.9324565 27.1597151),UTTAR PRADESH,10,Agra,48,Agra,82,Patholi (CT),474,Urban,1230,7884,3K - 12K,1,27.1597151,77.9324565,27.1597151 77.9324565
POINT (77.9110321 27.2056217),UTTAR PRADESH,10,Agra,48,Agra,82,Jaupura,475,Rural,781,5064,5K - 7K,1,27.2056217,77.9110321,27.2056217 77.9110321
POINT (77.9138889 27.1740258),UTTAR PRADESH,10,Agra,48,Agra,82,Bichpuri,476,Rural,664,4260,4K - 5K,1,27.1740258,77.9138889,27.1740258 77.9138889
POINT (77.9317424 27.1343158),UTTAR PRADESH,10,Agra,48,Agra,82,Abhaypura,477,Rural,518,3327,3K - 4K,1,27.1343158,77.9317424,27.1343158 77.9317424
POINT (78.1991896 27.2333127),UTTAR PRADESH,10,Agra,48,Etmadpur,83,Semra,478,Rural,2921,19143,10K - 20K,1,27.2333127,78.1991896,27.2333127 78.1991896
POINT (78.0352346 27.316253),UTTAR PRADESH,10,Agra,48,Etmadpur,83,Ramnagar Khandauli,479,Rural,1120,7017,7K - 10K,1,27.316253,78.0352346,27.316253 78.0352346
POINT (78.0052678 27.3151074),UTTAR PRADESH,10,Agra,48,Etmadpur,83,Pant Khara,480,Rural,835,5005,5K - 7K,1,27.3151074,78.0052678,27.3151074 78.0052678
POINT (78.1991896 27.2333127),UTTAR PRADESH,10,Agra,48,Etmadpur,83,Sorai,481,Rural,582,4101,4K - 5K,1,27.2333127,78.1991896,27.2333127 78.1991896
POINT (78.1991896 27.2333127),UTTAR PRADESH,10,Agra,48,Etmadpur,83,Uncha,482,Rural,538,3266,3K - 4K,1,27.2333127,78.1991896,27.2333127 78.1991896
POINT (82.0025626 25.5449037),UTTAR PRADESH,10,Allahabad ,49,Phulpur ,84,Tardeeh,483,Rural,866,5691,5K - 7K,1,25.5449037,82.0025626,25.5449037 82.0025626
POINT (82.0597816 25.539198),UTTAR PRADESH,10,Allahabad ,49,Phulpur ,84,Sarai Abdulmalik (CT),484,Urban,930,4815,3K - 12K,1,25.539198,82.0597816,25.539198 82.0597816
POINT (82.0706753 25.528025),UTTAR PRADESH,10,Allahabad ,49,Phulpur ,84,Beer Kaji,485,Rural,776,4662,4K - 5K,1,25.528025,82.0706753,25.528025 82.0706753
POINT (82.0216407 25.5547668),UTTAR PRADESH,10,Allahabad ,49,Phulpur ,84,Kanehti,486,Rural,667,3954,3K - 4K,,25.5547668,82.0216407,25.5547668 82.0216407
POINT (81.8497567 25.6070169),UTTAR PRADESH,10,Allahabad ,49,Soraon,85,Mau Aima,487,Rural,2247,13878,10K - 20K,1,25.6070169,81.8497567,25.6070169 81.8497567
POINT (81.8497567 25.6070169),UTTAR PRADESH,10,Allahabad ,49,Soraon,85,Gheenpur,488,Rural,1319,8104,7K - 10K,1,25.6070169,81.8497567,25.6070169 81.8497567
POINT (81.9139198 25.7060968),UTTAR PRADESH,10,Allahabad ,49,Soraon,85,Banka Jalalpur,489,Rural,882,5683,5K - 7K,,25.7060968,81.9139198,25.7060968 81.9139198
POINT (81.8888346 25.686557),UTTAR PRADESH,10,Allahabad ,49,Soraon,85,Mani Umarpur,490,Rural,594,3890,3K - 4K,1,25.686557,81.8888346,25.686557 81.8888346
POINT (80.7158977 25.5393207),UTTAR PRADESH,10,Banda,50,Baberu,86,Baberu Dehat,491,Rural,3573,19967,10K - 20K,1,25.5393207,80.7158977,25.5393207 80.7158977
POINT (80.7048084 25.5503485),UTTAR PRADESH,10,Banda,50,Baberu,86,Baberu (NP),492,Urban,2510,15156,12K - 20K,1,25.5503485,80.7048084,25.5503485 80.7048084
POINT (80.8599193 25.6070864),UTTAR PRADESH,10,Banda,50,Baberu,86,Mau,493,Rural,1528,9032,7K - 10K,1,25.6070864,80.8599193,25.6070864 80.8599193
POINT (80.7089671 25.5990088),UTTAR PRADESH,10,Banda,50,Baberu,86,Patvan,494,Rural,1134,6824,5K - 7K,,25.5990088,80.7089671,25.5990088 80.7089671
POINT (80.7048084 25.5503485),UTTAR PRADESH,10,Banda,50,Baberu,86,Bhadenadu,495,Rural,846,4856,4K - 5K,1,25.5503485,80.7048084,25.5503485 80.7048084
POINT (80.704815 25.5503843),UTTAR PRADESH,10,Banda,50,Baberu,86,Korram,496,Rural,634,3533,3K - 4K,1,25.5503843,80.704815,25.5503843 80.704815
POINT (80.5261791 25.6159297),UTTAR PRADESH,10,Banda,50,Banda,87,Tindwari (NP),497,Urban,1880,11113,3K - 12K,1,25.6159297,80.5261791,25.6159297 80.5261791
POINT (80.3769999 25.6639215),UTTAR PRADESH,10,Banda,50,Banda,87,Khaptiha Kalan,498,Rural,1946,10809,10K - 20K,,25.6639215,80.3769999,25.6639215 80.3769999
POINT (80.5549561 25.6990388),UTTAR PRADESH,10,Banda,50,Banda,87,Jauharpur,499,Rural,1326,8199,7K - 10K,1,25.6990388,80.5549561,25.6990388 80.5549561
POINT (80.5049445 25.596121),UTTAR PRADESH,10,Banda,50,Banda,87,Mungus,500,Rural,988,5296,5K - 7K,1,25.596121,80.5049445,25.596121 80.5049445
POINT (80.4382153 25.6855427),UTTAR PRADESH,10,Banda,50,Banda,87,Piparahari,501,Rural,763,4489,4K - 5K,1,25.6855427,80.4382153,25.6855427 80.4382153
POINT (80.4567565 25.6209697),UTTAR PRADESH,10,Banda,50,Banda,87,Parsaunda,502,Rural,623,3529,3K - 4K,1,25.6209697,80.4567565,25.6209697 80.4567565
POINT (77.3726379 28.7126433),UTTAR PRADESH,10,Ghaziabad,51,Ghaziabad,88,Asalatpur Farakh Nagar,503,Rural,1885,13042,10K - 20K,1,28.7126433,77.3726379,28.7126433 77.3726379
POINT (77.3250462 28.7283282),UTTAR PRADESH,10,Ghaziabad,51,Ghaziabad,88,Tila Shahbazpur,504,Rural,1487,8624,7K - 10K,,28.7283282,77.3250462,28.7283282 77.3250462
POINT (77.3496708 28.7907227),UTTAR PRADESH,10,Ghaziabad,51,Ghaziabad,88,Badshahpur Sirauli,505,Rural,887,5659,5K - 7K,1,28.7907227,77.3496708,28.7907227 77.3496708
POINT (77.3295708 28.7916822),UTTAR PRADESH,10,Ghaziabad,51,Ghaziabad,88,Jafarabad Ganauli,506,Rural,636,4061,4K - 5K,,28.7916822,77.3295708,28.7916822 77.3295708
POINT (77.3812494 28.7507219),UTTAR PRADESH,10,Ghaziabad,51,Ghaziabad,88,Aurangabad Ristal,507,Rural,538,3435,3K - 4K,1,28.7507219,77.3812494,28.7507219 77.3812494
POINT (77.6249734 28.7706397),UTTAR PRADESH,10,Ghaziabad,51,Modinagar,89,Faridnagar (NP),508,Urban,1871,12785,12K - 20K,1,28.7706397,77.6249734,28.7706397 77.6249734
POINT (77.6249734 28.8050495),UTTAR PRADESH,10,Ghaziabad,51,Modinagar,89,Bhojpur,509,Rural,1448,9477,7K - 10K,1,28.8050495,77.6249734,28.8050495 77.6249734
POINT (77.6679292 28.7545314),UTTAR PRADESH,10,Ghaziabad,51,Modinagar,89,Nahali,510,Rural,751,5784,5K - 7K,1,28.7545314,77.6679292,28.7545314 77.6679292
POINT (77.6965573 28.791587),UTTAR PRADESH,10,Ghaziabad,51,Modinagar,89,Tauri 7 Biswa,511,Rural,563,4128,4K - 5K,1,28.791587,77.6965573,28.791587 77.6965573
POINT (77.5997461 28.8097373),UTTAR PRADESH,10,Ghaziabad,51,Modinagar,89,Khanjarpur,512,Rural,685,3961,3K - 4K,,28.8097373,77.5997461,28.8097373 77.5997461
POINT (83.5230123 26.5965984),UTTAR PRADESH,10,Gorakhpur,52,Chauri Chaura,90,Rajdhani,513,Rural,2055,12807,10K - 20K,1,26.5965984,83.5230123,26.5965984 83.5230123
POINT (83.5326683 26.6185729),UTTAR PRADESH,10,Gorakhpur,52,Chauri Chaura,90,Araji Jagdish Pur,514,Rural,1224,7657,7K - 10K,,26.6185729,83.5326683,26.6185729 83.5326683
POINT (83.5043545 26.6456443),UTTAR PRADESH,10,Gorakhpur,52,Chauri Chaura,90,Jhangaha,515,Rural,1008,6114,5K - 7K,1,26.6456443,83.5043545,26.6456443 83.5043545
POINT (83.6015808 26.6339052),UTTAR PRADESH,10,Gorakhpur,52,Chauri Chaura,90,Chaura,516,Rural,714,4182,4K - 5K,1,26.6339052,83.6015808,26.6339052 83.6015808
POINT (83.610896 26.6387264),UTTAR PRADESH,10,Gorakhpur,52,Chauri Chaura,90,Bal Bujurg,517,Rural,585,3822,3K - 4K,1,26.6387264,83.610896,26.6387264 83.610896
POINT (83.5293575 26.82935),UTTAR PRADESH,10,Gorakhpur,52,Gorakhpur,91,Pipraich (NP),518,Urban,2636,15621,12K - 20K,1,26.82935,83.5293575,26.82935 83.5293575
POINT (83.4043088 26.8214324),UTTAR PRADESH,10,Gorakhpur,52,Gorakhpur,91,Jangl Chhatra Dhari,519,Rural,1650,10106,10K - 20K,,26.8214324,83.4043088,26.8214324 83.4043088
POINT (83.4149878 26.7984719),UTTAR PRADESH,10,Gorakhpur,52,Gorakhpur,91,Harsewakpur No.2 (CT),520,Urban,1410,8534,3K - 12K,1,26.7984719,83.4149878,26.7984719 83.4149878
POINT (83.3615748 26.740263),UTTAR PRADESH,10,Gorakhpur,52,Gorakhpur,91,Raiganj,521,Rural,1133,7502,7K - 10K,1,26.740263,83.3615748,26.740263 83.3615748
POINT (83.3976335 26.6700748),UTTAR PRADESH,10,Gorakhpur,52,Gorakhpur,91,Lalpur Tikar,522,Rural,962,6010,5K - 7K,1,26.6700748,83.3976335,26.6700748 83.3976335
POINT (83.3856162 26.7237869),UTTAR PRADESH,10,Gorakhpur,52,Gorakhpur,91,Bharwalia Buzurg,523,Rural,763,4868,4K - 5K,1,26.7237869,83.3856162,26.7237869 83.3856162
POINT (83.3214858 26.732517),UTTAR PRADESH,10,Gorakhpur,52,Gorakhpur,91,Haraya,524,Rural,577,3591,3K - 4K,1,26.732517,83.3214858,26.732517 83.3214858
POINT (80.2202802 26.1283358),UTTAR PRADESH,10,Kanpur Nagar,53,Ghatampur ,92,Paras,525,Rural,1871,9774,7K - 10K,1,26.1283358,80.2202802,26.1283358 80.2202802
POINT (80.2377078 26.1521845),UTTAR PRADESH,10,Kanpur Nagar,53,Ghatampur ,92,Itarra,526,Rural,1143,5652,5K - 7K,,26.1521845,80.2377078,26.1521845 80.2377078
POINT (80.1261093 26.1679307),UTTAR PRADESH,10,Kanpur Nagar,53,Ghatampur ,92,Raha,527,Rural,774,4259,4K - 5K,1,26.1679307,80.1261093,26.1679307 80.1261093
POINT (80.2516473 26.1911429),UTTAR PRADESH,10,Kanpur Nagar,53,Ghatampur ,92,Behta Bujurg,528,Rural,684,3681,3K - 4K,,26.1911429,80.2516473,26.1911429 80.2516473
POINT (80.4886147 26.2842027),UTTAR PRADESH,10,Kanpur Nagar,53,Kanpur ,93,Sarsaul,529,Rural,3189,16887,10K - 20K,1,26.2842027,80.4886147,26.2842027 80.4886147
POINT (80.3955911 26.4176863),UTTAR PRADESH,10,Kanpur Nagar,53,Kanpur ,93,Chakeri (CT),530,Urban,2109,7526,3K - 12K,1,26.4176863,80.3955911,26.4176863 80.3955911
POINT (80.4521216 26.3391434),UTTAR PRADESH,10,Kanpur Nagar,53,Kanpur ,93,Hathi Pur,531,Rural,1236,6850,5K - 7K,1,26.3391434,80.4521216,26.3391434 80.4521216
POINT (80.491047 26.2481773),UTTAR PRADESH,10,Kanpur Nagar,53,Kanpur ,93,Bara Gaon,532,Rural,797,4144,4K - 5K,,26.2481773,80.491047,26.2481773 80.491047
POINT (80.4354337 26.3087942),UTTAR PRADESH,10,Kanpur Nagar,53,Kanpur ,93,Phuphuwarrajthok,533,Rural,566,3027,3K - 4K,1,26.3087942,80.4354337,26.3087942 80.4354337
POINT (80.9070072 26.7546315),UTTAR PRADESH,10,Lucknow,54,Lucknow,94,Bijnor,534,Rural,2515,14105,10K - 20K,1,26.7546315,80.9070072,26.7546315 80.9070072
POINT (80.9396787 26.7232651),UTTAR PRADESH,10,Lucknow,54,Lucknow,94,Kalli Pashchim (CT),535,Urban,2307,12157,12K - 20K,1,26.7232651,80.9396787,26.7232651 80.9396787
POINT (80.7824012 26.7028061),UTTAR PRADESH,10,Lucknow,54,Lucknow,94,Bhat Goan,536,Rural,1353,7131,7K - 10K,,26.7028061,80.7824012,26.7028061 80.7824012
POINT (80.8464896 26.7218659),UTTAR PRADESH,10,Lucknow,54,Lucknow,94,Miranpur Pinvat,537,Rural,888,4656,4K - 5K,1,26.7218659,80.8464896,26.7218659 80.8464896
POINT (80.9830677 26.7846945),UTTAR PRADESH,10,Lucknow,54,Lucknow,94,Harihar Pur,538,Rural,700,3668,3K - 4K,,26.7846945,80.9830677,26.7846945 80.9830677
POINT (80.946166 26.8466937),UTTAR PRADESH,10,Lucknow,54,Mohanlalganj ,95,Utrawan,539,Rural,1586,8316,7K - 10K,1,26.8466937,80.946166,26.8466937 80.946166
POINT (81.0181821 26.6324937),UTTAR PRADESH,10,Lucknow,54,Mohanlalganj ,95,Kankaha,540,Rural,1241,6460,5K - 7K,1,26.6324937,81.0181821,26.6324937 81.0181821
POINT (81.0782253 26.5843933),UTTAR PRADESH,10,Lucknow,54,Mohanlalganj ,95,Meerakh Nagar,541,Rural,823,4260,4K - 5K,,26.5843933,81.0782253,26.5843933 81.0782253
POINT (80.946166 26.8466937),UTTAR PRADESH,10,Lucknow,54,Mohanlalganj ,95,Nagram,542,Rural,673,3485,3K - 4K,1,26.8466937,80.946166,26.8466937 80.946166
POINT (77.8095661 29.0470199),UTTAR PRADESH,10,Meerut,55,Meerut,96,Incholi,543,Rural,2320,14914,10K - 20K,1,29.0470199,77.8095661,29.0470199 77.8095661
POINT (77.8109958 29.077222),UTTAR PRADESH,10,Meerut,55,Meerut,96,Khardoni Shekhupur,544,Rural,860,6196,5K - 7K,,29.077222,77.8109958,29.077222 77.8109958
POINT (77.747354 29.0191044),UTTAR PRADESH,10,Meerut,55,Meerut,96,Amehra Adipur (CT),545,Urban,957,5485,3K - 12K,1,29.0191044,77.747354,29.0191044 77.747354
POINT (77.7702406 29.0111853),UTTAR PRADESH,10,Meerut,55,Meerut,96,Rajpura,546,Rural,886,4645,4K - 5K,1,29.0111853,77.7702406,29.0111853 77.7702406
POINT (77.8510213 29.0465181),UTTAR PRADESH,10,Meerut,55,Meerut,96,Kunkura,547,Rural,529,3438,3K - 4K,1,29.0465181,77.8510213,29.0465181 77.8510213
POINT (82.828045 25.4864782),UTTAR PRADESH,10,Varanasi,56,Pindra,97,Pindara,548,Rural,2278,15257,10K - 20K,1,25.4864782,82.828045,25.4864782 82.828045
POINT (82.8290551 25.4434535),UTTAR PRADESH,10,Varanasi,56,Pindra,97,Basni,549,Rural,1377,9421,7K - 10K,,25.4434535,82.8290551,25.4434535 82.8290551
POINT (82.8075032 25.5307476),UTTAR PRADESH,10,Varanasi,56,Pindra,97,Karkhiyaon,550,Rural,713,4817,4K - 5K,1,25.5307476,82.8075032,25.5307476 82.8075032
POINT (82.8829048 25.4696364),UTTAR PRADESH,10,Varanasi,56,Pindra,97,Amaut,551,Rural,584,3896,3K - 4K,,25.4696364,82.8829048,25.4696364 82.8829048
POINT (82.9695617 25.3390712),UTTAR PRADESH,10,Varanasi,56,Varanasi,98,Varanasi (CB),552,Urban,2760,14119,12K - 20K,1,25.3390712,82.9695617,25.3390712 82.9695617
POINT (82.9756933 25.3754042),UTTAR PRADESH,10,Varanasi,56,Varanasi,98,Lalpur,553,Rural,1377,7864,7K - 10K,,25.3754042,82.9756933,25.3754042 82.9756933
POINT (82.9551311 25.2815185),UTTAR PRADESH,10,Varanasi,56,Varanasi,98,Bhullanpur,554,Rural,1066,6419,5K - 7K,1,25.2815185,82.9551311,25.2815185 82.9551311
POINT (83.0240532 25.3158109),UTTAR PRADESH,10,Varanasi,56,Varanasi,98,Domari,555,Rural,730,4924,4K - 5K,,25.3158109,83.0240532,25.3158109 83.0240532
POINT (82.9441275 25.3485211),UTTAR PRADESH,10,Varanasi,56,Varanasi,98,Bhawanipur,556,Rural,650,3887,3K - 4K,1,25.3485211,82.9441275,25.3485211 82.9441275
POINT (83.0455351 25.3404056),UTTAR PRADESH,10,Varanasi,56,Varanasi,98,Khalispur,557,Rural,604,3657,3K - 4K,,25.3404056,83.0455351,25.3404056 83.0455351
